datetime,open,high,low,close,volume
2026-02-06T20:00:00+00:00,409.60999999999973,410.45999999999975,408.75999999999976,409.38999999999976,4457
2026-02-06T20:30:00+00:00,409.38999999999976,410.58999999999975,406.52999999999975,406.89999999999975,6500
2026-02-09T14:30:00+00:00,406.89999999999975,409.65999999999974,403.31999999999977,405.63999999999976,11654
2026-02-09T15:00:00+00:00,405.63999999999976,411.32999999999976,405.12999999999977,408.96999999999974,10014
2026-02-09T15:30:00+00:00,408.96999999999974,414.59999999999974,408.6799999999997,413.94999999999976,8251
2026-02-09T16:00:00+00:00,413.94999999999976,415.44999999999976,413.4299999999997,414.63999999999976,6760
2026-02-09T16:30:00+00:00,414.63999999999976,416.70999999999975,413.95999999999975,416.41999999999973,5848
2026-02-09T17:00:00+00:00,416.41999999999973,417.2399999999997,415.87999999999977,416.5499999999997,5127
2026-02-09T17:30:00+00:00,416.5499999999997,417.22999999999973,415.5499999999997,415.57999999999976,4382
2026-02-09T18:00:00+00:00,415.57999999999976,415.97999999999973,413.68999999999977,414.3099999999998,5866
2026-02-09T18:30:00+00:00,414.3099999999998,415.96999999999974,413.68999999999977,415.51999999999975,4817
2026-02-09T19:00:00+00:00,415.51999999999975,416.6799999999997,415.41999999999973,416.1799999999997,4153
2026-02-09T19:30:00+00:00,416.1799999999997,416.90999999999974,415.77999999999975,415.9299999999997,3556
2026-02-09T20:00:00+00:00,415.9299999999997,416.47999999999973,415.4299999999997,416.12999999999977,4361
2026-02-09T20:30:00+00:00,416.12999999999977,416.41999999999973,413.14999999999975,413.2499999999998,6793
2026-02-10T14:30:00+00:00,413.2499999999998,421.40999999999974,413.02999999999975,418.34999999999974,12561
2026-02-10T15:00:00+00:00,418.34999999999974,419.9299999999997,416.02999999999975,419.3699999999998,9860
2026-02-10T15:30:00+00:00,419.3699999999998,421.41999999999973,419.03999999999974,420.7999999999997,8657
2026-02-10T16:00:00+00:00,420.7999999999997,421.21999999999974,416.72999999999973,417.7399999999997,8162
2026-02-10T16:30:00+00:00,417.7399999999997,420.5499999999997,417.0499999999997,419.6799999999997,6814
2026-02-10T17:00:00+00:00,419.6799999999997,423.25999999999976,418.84999999999974,420.94999999999976,6302
2026-02-10T17:30:00+00:00,420.94999999999976,421.38999999999976,419.77999999999975,421.13999999999976,4936
2026-02-10T18:00:00+00:00,421.13999999999976,422.10999999999973,419.13999999999976,419.2999999999997,5568
2026-02-10T18:30:00+00:00,419.2999999999997,420.85999999999973,418.37999999999977,420.46999999999974,5982
2026-02-10T19:00:00+00:00,420.46999999999974,421.10999999999973,419.87999999999977,421.03999999999974,4929
2026-02-10T19:30:00+00:00,421.03999999999974,421.9899999999997,420.88999999999976,421.83999999999975,4802
2026-02-10T20:00:00+00:00,421.83999999999975,422.33999999999975,419.69999999999976,420.43999999999977,5126
2026-02-10T20:30:00+00:00,420.43999999999977,423.15999999999974,419.82999999999976,421.46999999999974,6984
2026-02-11T14:30:00+00:00,421.46999999999974,432.19999999999976,421.46999999999974,427.2499999999998,15130
2026-02-11T15:00:00+00:00,427.2499999999998,428.08999999999975,417.5599999999998,417.6799999999997,13813
2026-02-11T15:30:00+00:00,417.6799999999997,420.9899999999997,416.0599999999998,419.9999999999998,11437
2026-02-11T16:00:00+00:00,419.9999999999998,423.0599999999998,419.53999999999974,422.40999999999974,8639
2026-02-11T16:30:00+00:00,422.40999999999974,422.66999999999973,419.25999999999976,419.59999999999974,8609
2026-02-11T17:00:00+00:00,419.59999999999974,420.94999999999976,418.09999999999974,420.7399999999997,6210
2026-02-11T17:30:00+00:00,420.7399999999997,422.21999999999974,419.08999999999975,419.64999999999975,5850
2026-02-11T18:00:00+00:00,419.64999999999975,420.90999999999974,418.13999999999976,420.7499999999998,5554
2026-02-11T18:30:00+00:00,420.7499999999998,421.91999999999973,419.6199999999998,421.52999999999975,5226
2026-02-11T19:00:00+00:00,421.52999999999975,423.71999999999974,420.6799999999997,423.50999999999976,5016
2026-02-11T19:30:00+00:00,423.50999999999976,423.65999999999974,422.12999999999977,422.96999999999974,4900
2026-02-11T20:00:00+00:00,422.96999999999974,423.06999999999977,421.62999999999977,421.75999999999976,4476
2026-02-11T20:30:00+00:00,421.75999999999976,425.06999999999977,421.46999999999974,424.28999999999974,5709
2026-02-12T14:30:00+00:00,424.28999999999974,432.13999999999976,424.16999999999973,424.59999999999974,13677
2026-02-12T15:00:00+00:00,424.59999999999974,427.06999999999977,422.14999999999975,425.64999999999975,10968
2026-02-12T15:30:00+00:00,425.64999999999975,426.44999999999976,420.60999999999973,421.12999999999977,8823
2026-02-12T16:00:00+00:00,421.12999999999977,421.5499999999997,415.3099999999998,415.35999999999973,10897
2026-02-12T16:30:00+00:00,415.35999999999973,417.28999999999974,414.1199999999998,414.51999999999975,13174
2026-02-12T17:00:00+00:00,414.51999999999975,415.76999999999975,413.14999999999975,414.06999999999977,9621
2026-02-12T17:30:00+00:00,414.06999999999977,416.07999999999976,410.58999999999975,410.63999999999976,7979
2026-02-12T18:00:00+00:00,410.63999999999976,413.0499999999997,410.02999999999975,412.7399999999997,8628
2026-02-12T18:30:00+00:00,412.7399999999997,413.8099999999998,411.6799999999997,412.68999999999977,7963
2026-02-12T19:00:00+00:00,412.68999999999977,412.9299999999997,410.27999999999975,410.64999999999975,6912
2026-02-12T19:30:00+00:00,410.64999999999975,412.71999999999974,410.62999999999977,411.25999999999976,6437
2026-02-12T20:00:00+00:00,411.25999999999976,412.7399999999997,410.57999999999976,410.76999999999975,6538
2026-02-12T20:30:00+00:00,410.76999999999975,413.50999999999976,410.5599999999998,412.84999999999974,7507
2026-02-13T14:30:00+00:00,412.84999999999974,413.60999999999973,406.90999999999974,409.33999999999975,15539
2026-02-13T15:00:00+00:00,409.33999999999975,412.91999999999973,408.10999999999973,412.09999999999974,16221
2026-02-13T15:30:00+00:00,412.09999999999974,414.14999999999975,408.37999999999977,411.2399999999997,11916
2026-02-13T16:00:00+00:00,411.2399999999997,414.34999999999974,410.7499999999998,413.89999999999975,10208
2026-02-13T16:30:00+00:00,413.89999999999975,415.63999999999976,412.41999999999973,415.21999999999974,8602
2026-02-13T17:00:00+00:00,415.21999999999974,416.89999999999975,415.0599999999998,416.40999999999974,7179
2026-02-13T17:30:00+00:00,416.40999999999974,417.27999999999975,415.13999999999976,415.34999999999974,6812
2026-02-13T18:00:00+00:00,415.34999999999974,417.2999999999997,414.82999999999976,416.58999999999975,7331
2026-02-13T18:30:00+00:00,416.58999999999975,420.02999999999975,416.2499999999998,417.75999999999976,8217
2026-02-13T19:00:00+00:00,417.75999999999976,418.45999999999975,416.38999999999976,416.51999999999975,6800
2026-02-13T19:30:00+00:00,416.51999999999975,417.8099999999998,415.32999999999976,415.64999999999975,6827
2026-02-13T20:00:00+00:00,415.64999999999975,416.13999999999976,413.22999999999973,413.46999999999974,8069
2026-02-13T20:30:00+00:00,413.46999999999974,414.51999999999975,412.34999999999974,413.69999999999976,9828
2026-02-17T14:30:00+00:00,413.69999999999976,413.69999999999976,398.65999999999974,399.12999999999977,19528
2026-02-17T15:00:00+00:00,399.12999999999977,401.47999999999973,396.95999999999975,397.27999999999975,20929
2026-02-17T15:30:00+00:00,397.27999999999975,400.60999999999973,396.53999999999974,400.5599999999998,19555
2026-02-17T16:00:00+00:00,400.5599999999998,405.63999999999976,400.2999999999997,404.13999999999976,17250
2026-02-17T16:30:00+00:00,404.13999999999976,404.5499999999997,402.82999999999976,403.4999999999998,14003
2026-02-17T17:00:00+00:00,403.4999999999998,403.6799999999997,400.82999999999976,402.62999999999977,13929
2026-02-17T17:30:00+00:00,402.62999999999977,402.76999999999975,399.43999999999977,401.28999999999974,13241
2026-02-17T18:00:00+00:00,401.28999999999974,406.28999999999974,400.6199999999998,405.40999999999974,10434
2026-02-17T18:30:00+00:00,405.40999999999974,408.65999999999974,404.76999999999975,408.38999999999976,5718
2026-02-17T19:00:00+00:00,408.38999999999976,409.10999999999973,407.2399999999997,407.34999999999974,5193
2026-02-17T19:30:00+00:00,407.34999999999974,408.85999999999973,406.72999999999973,406.85999999999973,4052
2026-02-17T20:00:00+00:00,406.85999999999973,407.70999999999975,405.72999999999973,406.51999999999975,3697
2026-02-17T20:30:00+00:00,406.51999999999975,407.88999999999976,405.5599999999998,406.52999999999975,4584
2026-02-18T14:30:00+00:00,406.52999999999975,409.9299999999997,405.59999999999974,408.4299999999997,7429
2026-02-18T15:00:00+00:00,408.4299999999997,411.62999999999977,408.2999999999997,409.12999999999977,6527
2026-02-18T15:30:00+00:00,409.12999999999977,411.3699999999998,407.62999999999977,411.22999999999973,5500
2026-02-18T16:00:00+00:00,411.22999999999973,412.32999999999976,410.32999999999976,410.3699999999998,4646
2026-02-18T16:30:00+00:00,410.3699999999998,411.76999999999975,409.81999999999977,409.81999999999977,3835
2026-02-18T17:00:00+00:00,409.81999999999977,412.16999999999973,409.7999999999997,411.21999999999974,3844
2026-02-18T17:30:00+00:00,411.21999999999974,412.63999999999976,411.02999999999975,412.20999999999975,3296
2026-02-18T18:00:00+00:00,412.20999999999975,412.88999999999976,409.4299999999997,409.94999999999976,3650
2026-02-18T18:30:00+00:00,409.94999999999976,410.12999999999977,408.53999999999974,409.44999999999976,3869
2026-02-18T19:00:00+00:00,409.44999999999976,410.0499999999997,408.53999999999974,408.5499999999997,3322
2026-02-18T19:30:00+00:00,408.5499999999997,408.8699999999997,405.9999999999997,406.37999999999977,4574
2026-02-18T20:00:00+00:00,406.37999999999977,407.46999999999974,406.08999999999975,406.66999999999973,3317
2026-02-18T20:30:00+00:00,406.66999999999973,408.1199999999997,406.37999999999977,407.20999999999975,4345
2026-02-19T14:30:00+00:00,407.20999999999975,407.20999999999975,400.14999999999975,404.64999999999975,16844
2026-02-19T15:00:00+00:00,404.64999999999975,406.65999999999974,404.0499999999997,404.6799999999997,12883
2026-02-19T15:30:00+00:00,404.6799999999997,408.94999999999976,404.41999999999973,408.90999999999974,10953
2026-02-19T16:00:00+00:00,408.90999999999974,410.9999999999997,407.15999999999974,409.8799999999997,9581
2026-02-19T16:30:00+00:00,409.8799999999997,410.95999999999975,408.01999999999975,408.9999999999997,9300
2026-02-19T17:00:00+00:00,408.9999999999997,411.2999999999997,408.58999999999975,409.8199999999997,8154
2026-02-19T17:30:00+00:00,409.8199999999997,409.84999999999974,405.33999999999975,405.6199999999997,8106
2026-02-19T18:00:00+00:00,405.6199999999997,406.65999999999974,404.6399999999997,405.7999999999997,8355
2026-02-19T18:30:00+00:00,405.7999999999997,406.91999999999973,404.7199999999997,406.8399999999997,6843
2026-02-19T19:00:00+00:00,406.8399999999997,407.1799999999997,405.4399999999997,405.78999999999974,6203
2026-02-19T19:30:00+00:00,405.78999999999974,406.3799999999997,404.5699999999997,406.0199999999997,7050
2026-02-19T20:00:00+00:00,406.0199999999997,407.3999999999997,405.90999999999974,405.9999999999997,6455
2026-02-19T20:30:00+00:00,405.9999999999997,407.9299999999997,405.84999999999974,407.7799999999997,5889
2026-02-20T14:30:00+00:00,407.7799999999997,407.7799999999997,401.5699999999997,404.2499999999997,14037
2026-02-20T15:00:00+00:00,404.2499999999997,409.10999999999973,402.9599999999997,405.78999999999974,15244
2026-02-20T15:30:00+00:00,405.78999999999974,409.6199999999997,404.65999999999974,409.3399999999997,15042
2026-02-20T16:00:00+00:00,409.3399999999997,410.6699999999997,405.2499999999997,405.3699999999997,13088
2026-02-20T16:30:00+00:00,405.3699999999997,407.4899999999997,405.1299999999997,406.9099999999997,10597
2026-02-20T17:00:00+00:00,406.9099999999997,407.2199999999997,401.89999999999964,403.42999999999967,11287
2026-02-20T17:30:00+00:00,403.42999999999967,405.7899999999997,402.3599999999997,405.55999999999966,10957
2026-02-20T18:00:00+00:00,405.55999999999966,406.80999999999966,404.62999999999965,405.39999999999964,10399
2026-02-20T18:30:00+00:00,405.39999999999964,409.6099999999997,404.6599999999997,409.3599999999997,12433
2026-02-20T19:00:00+00:00,409.3599999999997,409.74999999999966,406.8399999999997,407.05999999999966,8214
2026-02-20T19:30:00+00:00,407.05999999999966,407.5299999999997,405.5999999999997,405.76999999999964,6722
2026-02-20T20:00:00+00:00,405.76999999999964,407.3499999999997,405.5299999999997,405.76999999999964,6877
2026-02-20T20:30:00+00:00,405.76999999999964,408.2199999999997,405.67999999999967,407.7799999999997,7195
2026-02-23T14:30:00+00:00,407.7799999999997,407.7799999999997,398.30999999999966,398.7299999999997,13109
2026-02-23T15:00:00+00:00,398.7299999999997,400.93999999999966,397.99999999999966,399.29999999999967,10940
2026-02-23T15:30:00+00:00,399.29999999999967,400.0399999999997,396.63999999999965,396.87999999999965,9583
2026-02-23T16:00:00+00:00,396.87999999999965,397.38999999999965,392.6099999999997,393.9799999999997,11169
2026-02-23T16:30:00+00:00,393.9799999999997,395.23999999999967,393.51999999999964,394.32999999999964,9077
2026-02-23T17:00:00+00:00,394.32999999999964,394.98999999999967,393.38999999999965,393.4099999999997,7482
2026-02-23T17:30:00+00:00,393.4099999999997,393.42999999999967,390.2299999999997,390.95999999999964,8176
2026-02-23T18:00:00+00:00,390.95999999999964,392.74999999999966,390.92999999999967,392.00999999999965,7169
2026-02-23T18:30:00+00:00,392.00999999999965,392.30999999999966,390.1599999999997,390.4099999999997,6796
2026-02-23T19:00:00+00:00,390.4099999999997,391.32999999999964,390.26999999999964,390.37999999999965,6743
2026-02-23T19:30:00+00:00,390.37999999999965,392.00999999999965,390.0399999999997,391.29999999999967,6678
2026-02-23T20:00:00+00:00,391.29999999999967,391.79999999999967,390.4099999999997,391.5299999999997,6053
2026-02-23T20:30:00+00:00,391.5299999999997,395.88999999999965,391.4199999999997,395.7899999999997,6725
2026-02-24T14:30:00+00:00,395.7899999999997,399.64999999999964,393.62999999999965,398.44999999999965,12917
2026-02-24T15:00:00+00:00,398.44999999999965,403.49999999999966,397.0999999999997,403.42999999999967,12648
2026-02-24T15:30:00+00:00,403.42999999999967,403.67999999999967,400.30999999999966,400.61999999999966,13549.81973816717
2026-02-24T16:00:00+00:00,400.61999999999966,401.68999999999966,398.80999999999966,399.32999999999964,10699
2026-02-24T16:30:00+00:00,399.32999999999964,400.68999999999966,398.25999999999965,400.61999999999966,10057
2026-02-24T17:00:00+00:00,400.61999999999966,401.6599999999996,399.8599999999997,400.04999999999967,7472
2026-02-24T17:30:00+00:00,400.04999999999967,401.1599999999996,399.70999999999964,400.73999999999967,6411
2026-02-24T18:00:00+00:00,400.73999999999967,402.01999999999964,400.6699999999997,401.29999999999967,6398
2026-02-24T18:30:00+00:00,401.29999999999967,402.79999999999967,401.1699999999997,402.6099999999997,6580
2026-02-24T19:00:00+00:00,402.6099999999997,405.52999999999963,402.49999999999966,404.6599999999996,9111
2026-02-24T19:30:00+00:00,404.6599999999996,405.50999999999965,403.9099999999996,404.69999999999965,6981
2026-02-24T20:00:00+00:00,404.69999999999965,406.39999999999964,404.02999999999963,404.7299999999997,6558
2026-02-24T20:30:00+00:00,404.7299999999997,406.80999999999966,404.67999999999967,405.39999999999964,8240
2026-02-25T14:30:00+00:00,405.39999999999964,416.29999999999967,405.39999999999964,411.76999999999964,15490
2026-02-25T15:00:00+00:00,411.76999999999964,412.32999999999964,409.55999999999966,410.81999999999965,11202
2026-02-25T15:30:00+00:00,410.81999999999965,411.77999999999963,409.89999999999964,411.42999999999967,12555
2026-02-25T16:00:00+00:00,411.42999999999967,411.6699999999997,409.43999999999966,410.0399999999996,10038
2026-02-25T16:30:00+00:00,410.0399999999996,410.7299999999996,409.1699999999997,410.5399999999997,8753
2026-02-25T17:00:00+00:00,410.5399999999997,412.9099999999996,410.02999999999963,410.06999999999965,8853
2026-02-25T17:30:00+00:00,410.06999999999965,411.25999999999965,409.80999999999966,411.13999999999965,7005
2026-02-25T18:00:00+00:00,411.13999999999965,411.29999999999967,410.21999999999963,411.13999999999965,6020
2026-02-25T18:30:00+00:00,411.13999999999965,412.33999999999963,410.82999999999964,411.71999999999963,5852
2026-02-25T19:00:00+00:00,411.71999999999963,412.5399999999997,411.6099999999997,411.92999999999967,5634
2026-02-25T19:30:00+00:00,411.92999999999967,412.31999999999965,411.46999999999963,411.94999999999965,5363
2026-02-25T20:00:00+00:00,411.94999999999965,412.57999999999964,411.45999999999964,411.68999999999966,5850
2026-02-25T20:30:00+00:00,411.68999999999966,413.62999999999965,410.8599999999997,413.37999999999965,8613
2026-02-26T14:30:00+00:00,413.37999999999965,413.37999999999965,406.1099999999997,409.00999999999965,13486
2026-02-26T15:00:00+00:00,409.00999999999965,409.87999999999965,402.45999999999964,403.82999999999964,15929
2026-02-26T15:30:00+00:00,403.82999999999964,405.94999999999965,400.82999999999964,405.20999999999964,16793
2026-02-26T16:00:00+00:00,405.20999999999964,406.1599999999996,404.3499999999996,404.9799999999996,13536
2026-02-26T16:30:00+00:00,404.9799999999996,405.9899999999996,400.1199999999996,400.4099999999996,12951
2026-02-26T17:00:00+00:00,400.4099999999996,402.0499999999996,400.3799999999996,401.02999999999963,10932
2026-02-26T17:30:00+00:00,401.02999999999963,402.3099999999996,399.51999999999964,400.38999999999965,9768
2026-02-26T18:00:00+00:00,400.38999999999965,401.44999999999965,399.95999999999964,401.0999999999997,8903
2026-02-26T18:30:00+00:00,401.0999999999997,403.7799999999997,400.88999999999965,403.2499999999996,10671.259728115272
2026-02-26T19:00:00+00:00,403.2499999999996,405.82999999999953,403.03999999999957,404.7499999999995,10023.719814367134
2026-02-26T19:30:00+00:00,404.7499999999995,405.1899999999995,403.5899999999995,403.69999999999953,8079.11246870225
2026-02-26T20:00:00+00:00,403.69999999999953,405.03999999999957,403.30999999999966,403.8299999999997,8904.667106078094
2026-02-26T20:30:00+00:00,403.8299999999997,405.3499999999997,403.7699999999997,404.6599999999997,8771
2026-02-27T14:30:00+00:00,404.6599999999997,404.6599999999997,396.89999999999964,399.24999999999966,14733
2026-02-27T15:00:00+00:00,399.24999999999966,403.0899999999997,398.92999999999967,402.79999999999967,13676
2026-02-27T15:30:00+00:00,402.79999999999967,402.87999999999965,398.7899999999997,399.23999999999967,12631.074294205053
2026-02-27T16:00:00+00:00,399.23999999999967,399.89999999999964,397.89999999999964,398.2899999999996,12940
2026-02-27T16:30:00+00:00,398.2899999999996,399.58999999999963,396.89999999999964,398.0999999999996,11792
2026-02-27T17:00:00+00:00,398.0999999999996,399.13999999999965,395.1099999999997,396.93999999999966,11704
2026-02-27T17:30:00+00:00,396.93999999999966,397.61999999999966,395.39999999999964,395.64999999999964,12010
2026-02-27T18:00:00+00:00,395.64999999999964,396.51999999999964,394.6099999999997,395.77999999999963,10206
2026-02-27T18:30:00+00:00,395.77999999999963,396.23999999999967,394.18999999999966,394.55999999999966,10091
2026-02-27T19:00:00+00:00,394.55999999999966,396.45999999999964,394.46999999999963,395.79999999999967,9182
2026-02-27T19:30:00+00:00,395.79999999999967,396.14999999999964,394.82999999999964,394.93999999999966,9154
2026-02-27T20:00:00+00:00,394.93999999999966,397.08999999999963,394.80999999999966,396.23999999999967,10233
2026-02-27T20:30:00+00:00,396.23999999999967,399.26999999999964,395.33999999999963,398.5399999999996,12317
2026-03-02T14:30:00+00:00,398.5399999999996,406.4899999999996,396.4799999999996,404.1599999999996,18199
2026-03-02T15:00:00+00:00,404.1599999999996,407.3699999999996,403.25999999999965,406.8499999999996,16402
2026-03-02T15:30:00+00:00,406.8499999999996,410.8099999999996,405.94999999999965,410.20999999999964,14499
2026-03-02T16:00:00+00:00,410.20999999999964,411.9299999999996,408.2999999999996,408.33999999999963,12371
2026-03-02T16:30:00+00:00,408.33999999999963,412.71999999999963,407.96999999999963,411.32999999999964,12449
2026-03-02T17:00:00+00:00,411.32999999999964,412.1199999999996,410.6099999999996,410.70999999999964,9445
2026-03-02T17:30:00+00:00,410.70999999999964,411.3599999999996,409.20999999999964,410.0999999999996,8849
2026-03-02T18:00:00+00:00,410.0999999999996,410.7999999999996,409.2999999999996,409.96999999999963,7581
2026-03-02T18:30:00+00:00,409.96999999999963,410.06999999999965,408.44999999999965,408.44999999999965,8633
2026-03-02T19:00:00+00:00,408.44999999999965,411.0999999999996,408.32999999999964,410.8699999999996,9311
2026-03-02T19:30:00+00:00,410.8699999999996,411.00999999999965,410.26999999999964,410.63999999999965,7207
2026-03-02T20:00:00+00:00,410.63999999999965,410.89999999999964,407.19999999999965,407.7999999999996,13440
2026-03-02T20:30:00+00:00,407.7999999999996,411.57999999999964,407.7499999999996,411.25999999999965,12456
2026-03-03T14:30:00+00:00,411.25999999999965,411.25999999999965,397.8599999999996,398.7999999999996,23162
2026-03-03T15:00:00+00:00,398.7999999999996,400.7399999999996,394.7899999999996,394.9099999999996,23008
2026-03-03T15:30:00+00:00,394.9099999999996,396.6899999999996,393.63999999999965,395.76999999999964,21952
2026-03-03T16:00:00+00:00,395.76999999999964,401.7499999999996,395.4799999999996,400.75999999999965,19322
2026-03-03T16:30:00+00:00,400.75999999999965,401.7499999999996,398.6899999999996,400.02999999999963,17078
2026-03-03T17:00:00+00:00,400.02999999999963,400.81999999999965,398.08999999999963,400.26999999999964,15154
2026-03-03T17:30:00+00:00,400.26999999999964,400.57999999999964,397.25999999999965,399.2299999999996,15275
2026-03-03T18:00:00+00:00,399.2299999999996,402.1199999999996,399.21999999999963,401.51999999999964,13493
2026-03-03T18:30:00+00:00,401.51999999999964,402.94999999999965,400.82999999999964,401.0499999999996,13768
2026-03-03T19:00:00+00:00,401.0499999999996,401.3499999999996,399.2399999999996,399.8499999999996,13683
2026-03-03T19:30:00+00:00,399.8499999999996,402.9099999999996,399.45999999999964,401.7499999999996,15495
2026-03-03T20:00:00+00:00,401.7499999999996,402.6599999999996,399.8499999999996,400.77999999999963,14867
2026-03-03T20:30:00+00:00,400.77999999999963,401.5399999999996,399.9099999999996,400.56999999999965,14353
2026-03-04T14:30:00+00:00,400.56999999999965,411.6199999999996,400.56999999999965,406.1899999999996,21350
2026-03-04T15:00:00+00:00,406.1899999999996,416.06999999999965,406.1899999999996,415.8699999999996,20129
2026-03-04T15:30:00+00:00,415.8699999999996,415.94999999999965,411.7499999999996,413.3499999999996,16960
2026-03-04T16:00:00+00:00,413.3499999999996,413.9099999999996,409.64999999999964,412.4099999999996,15572
2026-03-04T16:30:00+00:00,412.4099999999996,415.1799999999996,412.0999999999996,414.7299999999996,13259
2026-03-04T17:00:00+00:00,414.7299999999996,415.3799999999996,412.83999999999963,413.0399999999996,11451
2026-03-04T17:30:00+00:00,413.0399999999996,413.25999999999965,411.6099999999996,412.38999999999965,11039
2026-03-04T18:00:00+00:00,412.38999999999965,412.69999999999965,411.50999999999965,411.9999999999996,9793
2026-03-04T18:30:00+00:00,411.9999999999996,414.3499999999996,411.8699999999996,414.3499999999996,9627
2026-03-04T19:00:00+00:00,414.3499999999996,415.0599999999996,413.7499999999996,414.5399999999996,8598
2026-03-04T19:30:00+00:00,414.5399999999996,414.77999999999963,413.08999999999963,413.6299999999996,8315
2026-03-04T20:00:00+00:00,413.6299999999996,415.58999999999963,413.5999999999996,415.2299999999996,10371
2026-03-04T20:30:00+00:00,415.2299999999996,416.5599999999996,412.9799999999996,414.00999999999965,12307
2026-03-05T14:30:00+00:00,414.00999999999965,415.25999999999965,408.4799999999996,414.75999999999965,16506
2026-03-05T15:00:00+00:00,414.75999999999965,415.5499999999996,411.38999999999965,411.8499999999996,17365
2026-03-05T15:30:00+00:00,411.8499999999996,414.96999999999963,410.00999999999965,414.1599999999996,16030
2026-03-05T16:00:00+00:00,414.1599999999996,415.2399999999996,412.4099999999996,413.6599999999996,13725
2026-03-05T16:30:00+00:00,413.6599999999996,415.6599999999996,413.2299999999996,415.1599999999996,13213
2026-03-05T17:00:00+00:00,415.1599999999996,416.8099999999996,411.2999999999996,411.2999999999996,12680
2026-03-05T17:30:00+00:00,411.2999999999996,411.57999999999964,408.9799999999996,409.32999999999964,14378
2026-03-05T18:00:00+00:00,409.32999999999964,411.1699999999996,407.6599999999996,408.02999999999963,12738
2026-03-05T18:30:00+00:00,408.02999999999963,409.82999999999964,407.7299999999996,409.52999999999963,12655
2026-03-05T19:00:00+00:00,409.52999999999963,410.9899999999996,408.7399999999996,409.9299999999996,11375
2026-03-05T19:30:00+00:00,409.9299999999996,410.0999999999996,407.9899999999996,408.6799999999996,11758
2026-03-05T20:00:00+00:00,408.6799999999996,412.57999999999964,408.51999999999964,411.00999999999965,14170
2026-03-05T20:30:00+00:00,411.00999999999965,414.06999999999965,410.8099999999996,413.4899999999996,12170
2026-03-06T14:30:00+00:00,413.4899999999996,413.4899999999996,402.46999999999963,404.0399999999996,26177
2026-03-06T15:00:00+00:00,404.0399999999996,406.71999999999963,404.02999999999963,405.4799999999996,26981
2026-03-06T15:30:00+00:00,405.4799999999996,407.27999999999963,403.6299999999996,406.56999999999965,23397
2026-03-06T16:00:00+00:00,406.56999999999965,408.1699999999996,405.89999999999964,407.7999999999996,21042
2026-03-06T16:30:00+00:00,407.7999999999996,409.6299999999996,405.94999999999965,407.95999999999964,19654
2026-03-06T17:00:00+00:00,407.95999999999964,408.26999999999964,406.3499999999996,407.0999999999996,16760
2026-03-06T17:30:00+00:00,407.0999999999996,407.3099999999996,405.39999999999964,406.4899999999996,15866
2026-03-06T18:00:00+00:00,406.4899999999996,410.5599999999996,406.1699999999996,409.3499999999996,17577
2026-03-06T18:30:00+00:00,409.3499999999996,409.96999999999963,406.5399999999996,406.70999999999964,14459
2026-03-06T19:00:00+00:00,406.70999999999964,407.75999999999965,406.52999999999963,407.5399999999996,15964
2026-03-06T19:30:00+00:00,407.5399999999996,408.44999999999965,406.7399999999996,408.25999999999965,14578
2026-03-06T20:00:00+00:00,408.25999999999965,409.00999999999965,404.7299999999996,404.94999999999965,17204
2026-03-06T20:30:00+00:00,404.94999999999965,406.38999999999965,404.4399999999996,405.0599999999996,18318
2026-03-09T13:30:00+00:00,405.0599999999996,405.0599999999996,391.26999999999964,392.81999999999965,19658
2026-03-09T14:00:00+00:00,392.81999999999965,394.3499999999996,389.63999999999965,391.6899999999996,23432
2026-03-09T14:30:00+00:00,391.6899999999996,394.57999999999964,391.6899999999996,393.8799999999996,19796
2026-03-09T15:00:00+00:00,393.8799999999996,396.71999999999963,393.8599999999996,396.44999999999965,15739
2026-03-09T15:30:00+00:00,396.44999999999965,398.13999999999965,395.39999999999964,397.7899999999996,14926
2026-03-09T16:00:00+00:00,397.7899999999996,399.07999999999964,396.4299999999996,398.31999999999965,13825
2026-03-09T16:30:00+00:00,398.31999999999965,399.19999999999965,397.44999999999965,398.26999999999964,12710
2026-03-09T17:00:00+00:00,398.26999999999964,398.82999999999964,396.89999999999964,397.1799999999996,12784
2026-03-09T17:30:00+00:00,397.1799999999996,398.3699999999996,396.7399999999996,398.26999999999964,12949
2026-03-09T18:00:00+00:00,398.26999999999964,399.9799999999996,397.8799999999996,399.52999999999963,12681
2026-03-09T18:30:00+00:00,399.52999999999963,401.9299999999996,399.27999999999963,400.58999999999963,11927
2026-03-09T19:00:00+00:00,400.58999999999963,408.8799999999996,399.9299999999996,408.7299999999996,12911
2026-03-09T19:30:00+00:00,408.7299999999996,409.77999999999963,405.4799999999996,406.69999999999965,12135
2026-03-10T13:30:00+00:00,406.69999999999965,414.71999999999963,406.69999999999965,414.07999999999964,12613
2026-03-10T14:00:00+00:00,414.07999999999964,414.26999999999964,409.1199999999996,409.39999999999964,15788
2026-03-10T14:30:00+00:00,409.39999999999964,413.1099999999996,409.06999999999965,412.96999999999963,13799
2026-03-10T15:00:00+00:00,412.96999999999963,414.3099999999996,411.6199999999996,411.76999999999964,13095
2026-03-10T15:30:00+00:00,411.76999999999964,412.01999999999964,410.06999999999965,410.8699999999996,12263
2026-03-10T16:00:00+00:00,410.8699999999996,411.5999999999996,409.1599999999996,410.83999999999963,11902
2026-03-10T16:30:00+00:00,410.83999999999963,411.9799999999996,410.27999999999963,411.69999999999965,10336
2026-03-10T17:00:00+00:00,411.69999999999965,412.4099999999996,410.58999999999963,411.56999999999965,10978
2026-03-10T17:30:00+00:00,411.56999999999965,411.56999999999965,409.32999999999964,410.2899999999996,12643
2026-03-10T18:00:00+00:00,410.2899999999996,410.5399999999996,406.39999999999964,408.7499999999996,11353
2026-03-10T18:30:00+00:00,408.7499999999996,410.01999999999964,407.5599999999996,408.75999999999965,13537
2026-03-10T19:00:00+00:00,408.75999999999965,410.13999999999965,407.88999999999965,408.0999999999996,12737
2026-03-10T19:30:00+00:00,408.0999999999996,408.9199999999996,406.50999999999965,407.51999999999964,13216
2026-03-11T13:30:00+00:00,407.51999999999964,418.37999999999965,407.51999999999964,418.2199999999997,13257
2026-03-11T14:00:00+00:00,418.2199999999997,422.2299999999997,416.83999999999963,417.82999999999964,14861
2026-03-11T14:30:00+00:00,417.82999999999964,418.51999999999964,415.43999999999966,416.39999999999964,15246
2026-03-11T15:00:00+00:00,416.39999999999964,417.44999999999965,414.89999999999964,414.89999999999964,14362
2026-03-11T15:30:00+00:00,414.89999999999964,414.98999999999967,412.25999999999965,412.73999999999967,13927
2026-03-11T16:00:00+00:00,412.73999999999967,413.4699999999997,412.17999999999967,413.3499999999997,12187
2026-03-11T16:30:00+00:00,413.3499999999997,414.55999999999966,412.7199999999997,413.19999999999965,11274
2026-03-11T17:00:00+00:00,413.19999999999965,414.24999999999966,412.1699999999997,414.1699999999997,9470
2026-03-11T17:30:00+00:00,414.1699999999997,414.2799999999997,410.74999999999966,411.7799999999997,13783
2026-03-11T18:00:00+00:00,411.7799999999997,411.88999999999965,409.87999999999965,411.4699999999997,10529
2026-03-11T18:30:00+00:00,411.4699999999997,412.7299999999997,410.83999999999963,412.04999999999967,9882
2026-03-11T19:00:00+00:00,412.04999999999967,412.63999999999965,411.29999999999967,412.06999999999965,10732
2026-03-11T19:30:00+00:00,412.06999999999965,414.13999999999965,412.06999999999965,413.87999999999965,12013
2026-03-12T13:30:00+00:00,413.87999999999965,413.87999999999965,406.31999999999965,406.75999999999965,8273
2026-03-12T14:00:00+00:00,406.75999999999965,408.2799999999997,405.3599999999997,405.43999999999966,8457
2026-03-12T14:30:00+00:00,405.43999999999966,405.83999999999963,400.57999999999964,401.51999999999964,9094
2026-03-12T15:00:00+00:00,401.51999999999964,403.5999999999997,401.25999999999965,402.63999999999965,6979
2026-03-12T15:30:00+00:00,402.63999999999965,404.88999999999965,402.3499999999997,404.1099999999997,6759
2026-03-12T16:00:00+00:00,404.1099999999997,406.0299999999997,402.82999999999964,404.7899999999997,5908
2026-03-12T16:30:00+00:00,404.7899999999997,406.80999999999966,404.36999999999966,405.70999999999964,5822
2026-03-12T17:00:00+00:00,405.70999999999964,406.94999999999965,405.05999999999966,405.7899999999997,5378
2026-03-12T17:30:00+00:00,405.7899999999997,406.29999999999967,402.18999999999966,403.13999999999965,5947
2026-03-12T18:00:00+00:00,403.13999999999965,404.4799999999997,402.94999999999965,403.6699999999997,4881
2026-03-12T18:30:00+00:00,403.6699999999997,403.83999999999963,402.6599999999997,402.8499999999997,4126
2026-03-12T19:00:00+00:00,402.8499999999997,403.99999999999966,402.19999999999965,403.54999999999967,4383
2026-03-12T19:30:00+00:00,403.54999999999967,404.0399999999997,400.92999999999967,401.31999999999965,5828
2026-03-13T13:30:00+00:00,401.31999999999965,405.87999999999965,401.31999999999965,404.12999999999965,8931
2026-03-13T14:00:00+00:00,404.12999999999965,405.11999999999966,401.08999999999963,402.00999999999965,7381
2026-03-13T14:30:00+00:00,402.00999999999965,403.56999999999965,398.2899999999997,398.44999999999965,8084
2026-03-13T15:00:00+00:00,398.44999999999965,401.82999999999964,398.1599999999997,399.94999999999965,7558
2026-03-13T15:30:00+00:00,399.94999999999965,400.7899999999997,398.2199999999997,399.3599999999997,6899
2026-03-13T16:00:00+00:00,399.3599999999997,401.07999999999964,399.1599999999997,400.9199999999997,6262
2026-03-13T16:30:00+00:00,400.9199999999997,401.87999999999965,399.82999999999964,400.05999999999966,5782
2026-03-13T17:00:00+00:00,400.05999999999966,401.74999999999966,398.83999999999963,400.86999999999966,5296
2026-03-13T17:30:00+00:00,400.86999999999966,401.0999999999997,398.39999999999964,399.07999999999964,5267
2026-03-13T18:00:00+00:00,399.07999999999964,399.3499999999997,398.05999999999966,399.05999999999966,4944
2026-03-13T18:30:00+00:00,399.05999999999966,399.87999999999965,398.6699999999997,399.1099999999997,4812
2026-03-13T19:00:00+00:00,399.1099999999997,399.1099999999997,396.00999999999965,396.8499999999997,5162
2026-03-13T19:30:00+00:00,396.8499999999997,398.04999999999967,395.93999999999966,396.87999999999965,5937
2026-03-16T13:30:00+00:00,396.87999999999965,406.98999999999967,396.87999999999965,406.95999999999964,10960
2026-03-16T14:00:00+00:00,406.95999999999964,409.63999999999965,406.06999999999965,408.26999999999964,9370
2026-03-16T14:30:00+00:00,408.26999999999964,408.2799999999997,405.86999999999966,406.82999999999964,9221
2026-03-16T15:00:00+00:00,406.82999999999964,406.9799999999997,405.19999999999965,406.11999999999966,7040
2026-03-16T15:30:00+00:00,406.11999999999966,406.89999999999964,404.14999999999964,404.25999999999965,5866
2026-03-16T16:00:00+00:00,404.25999999999965,404.7199999999997,402.43999999999966,402.7799999999997,7514
2026-03-16T16:30:00+00:00,402.7799999999997,403.86999999999966,402.38999999999965,403.32999999999964,6077
2026-03-16T17:00:00+00:00,403.32999999999964,404.26999999999964,402.67999999999967,402.8599999999997,5662
2026-03-16T17:30:00+00:00,402.8599999999997,403.73999999999967,402.33999999999963,402.49999999999966,4770
2026-03-16T18:00:00+00:00,402.49999999999966,404.3599999999997,402.45999999999964,403.9699999999997,4472
2026-03-16T18:30:00+00:00,403.9699999999997,404.1599999999997,402.7799999999997,402.93999999999966,3659
2026-03-16T19:00:00+00:00,402.93999999999966,405.1099999999997,401.94999999999965,402.51999999999964,11452
2026-03-16T19:30:00+00:00,402.51999999999964,402.67999999999967,400.3499999999997,401.4699999999997,11265
2026-03-17T13:30:00+00:00,401.4699999999997,403.88999999999965,398.9099999999997,403.64999999999964,9292
2026-03-17T14:00:00+00:00,403.64999999999964,404.23999999999967,402.3599999999997,403.31999999999965,8391
2026-03-17T14:30:00+00:00,403.31999999999965,406.0399999999997,403.0399999999997,404.7799999999997,7578
2026-03-17T15:00:00+00:00,404.7799999999997,405.2899999999997,402.98999999999967,403.32999999999964,6600
2026-03-17T15:30:00+00:00,403.32999999999964,403.63999999999965,401.6699999999997,403.0299999999997,6399
2026-03-17T16:00:00+00:00,403.0299999999997,403.83999999999963,401.8499999999997,403.13999999999965,6061
2026-03-17T16:30:00+00:00,403.13999999999965,403.79999999999967,402.7199999999997,403.26999999999964,4962
2026-03-17T17:00:00+00:00,403.26999999999964,404.4099999999997,402.81999999999965,403.62999999999965,4309
2026-03-17T17:30:00+00:00,403.62999999999965,405.55999999999966,403.4799999999997,405.0999999999997,4181
2026-03-17T18:00:00+00:00,405.0999999999997,405.57999999999964,403.68999999999966,403.9099999999997,4457
2026-03-17T18:30:00+00:00,403.9099999999997,404.13999999999965,403.07999999999964,403.70999999999964,3955
2026-03-17T19:00:00+00:00,403.70999999999964,404.79999999999967,403.6599999999997,404.5999999999997,6351
2026-03-17T19:30:00+00:00,404.5999999999997,405.33999999999963,403.67999999999967,405.0999999999997,7340
2026-03-18T13:30:00+00:00,405.0999999999997,408.9799999999997,404.00999999999965,408.86999999999966,13742
2026-03-18T14:00:00+00:00,408.86999999999966,408.9799999999997,403.49999999999966,403.75999999999965,12232
2026-03-18T14:30:00+00:00,403.75999999999965,404.55999999999966,403.55999999999966,404.36999999999966,10402
2026-03-18T15:00:00+00:00,404.36999999999966,405.69999999999965,403.2899999999997,403.57999999999964,9870
2026-03-18T15:30:00+00:00,403.57999999999964,404.4099999999997,403.3499999999997,404.13999999999965,8330
2026-03-18T16:00:00+00:00,404.13999999999965,404.57999999999964,403.43999999999966,403.82999999999964,7723
2026-03-18T16:30:00+00:00,403.82999999999964,404.1599999999997,402.68999999999966,403.3499999999997,7209
2026-03-18T17:00:00+00:00,403.3499999999997,403.45999999999964,402.1599999999997,403.0999999999997,6672
2026-03-18T17:30:00+00:00,403.0999999999997,403.9699999999997,402.93999999999966,403.56999999999965,7038
2026-03-18T18:00:00+00:00,403.56999999999965,404.44999999999965,402.33999999999963,403.1599999999997,10363
2026-03-18T18:30:00+00:00,403.1599999999997,403.4799999999997,400.8499999999997,400.9199999999997,11766
2026-03-18T19:00:00+00:00,400.9199999999997,401.8599999999997,400.1099999999997,400.6099999999997,14289
2026-03-18T19:30:00+00:00,400.6099999999997,400.76999999999964,398.23999999999967,398.93999999999966,12298
2026-03-19T13:30:00+00:00,398.93999999999966,398.93999999999966,385.6599999999997,388.93999999999966,15302
2026-03-19T14:00:00+00:00,388.93999999999966,390.04999999999967,385.7299999999997,386.55999999999966,13795
2026-03-19T14:30:00+00:00,386.55999999999966,388.63999999999965,386.1699999999997,387.24999999999966,14539
2026-03-19T15:00:00+00:00,387.24999999999966,390.14999999999964,387.17999999999967,388.94999999999965,12953
2026-03-19T15:30:00+00:00,388.94999999999965,388.99999999999966,386.75999999999965,388.07999999999964,13275
2026-03-19T16:00:00+00:00,388.07999999999964,389.6099999999997,387.5399999999997,387.81999999999965,12476
2026-03-19T16:30:00+00:00,387.81999999999965,388.55999999999966,386.76999999999964,388.20999999999964,10483
2026-03-19T17:00:00+00:00,388.20999999999964,388.37999999999965,386.12999999999965,387.56999999999965,9766
2026-03-19T17:30:00+00:00,387.56999999999965,388.07999999999964,386.54999999999967,387.42999999999967,8472
2026-03-19T18:00:00+00:00,387.42999999999967,388.8499999999997,386.82999999999964,387.36999999999966,8564
2026-03-19T18:30:00+00:00,387.36999999999966,387.7299999999997,384.6699999999997,387.0999999999997,9539
2026-03-19T19:00:00+00:00,387.0999999999997,390.86999999999966,386.98999999999967,388.58999999999963,24073
2026-03-19T19:30:00+00:00,388.58999999999963,388.7899999999997,385.93999999999966,386.30999999999966,16601
2026-03-20T13:30:00+00:00,386.30999999999966,386.30999999999966,376.6699999999997,377.05999999999966,15780
2026-03-20T14:00:00+00:00,377.05999999999966,378.7899999999997,375.88999999999965,378.26999999999964,13631
2026-03-20T14:30:00+00:00,378.26999999999964,379.62999999999965,377.83999999999963,378.7899999999997,12738
2026-03-20T15:00:00+00:00,378.7899999999997,381.98999999999967,378.51999999999964,380.42999999999967,14800
2026-03-20T15:30:00+00:00,380.42999999999967,381.99999999999966,380.17999999999967,381.6699999999997,11590
2026-03-20T16:00:00+00:00,381.6699999999997,382.89999999999964,381.4199999999997,382.4099999999997,11006
2026-03-20T16:30:00+00:00,382.4099999999997,382.4699999999997,379.56999999999965,380.55999999999966,10417
2026-03-20T17:00:00+00:00,380.55999999999966,381.05999999999966,378.61999999999966,378.7899999999997,10904
2026-03-20T17:30:00+00:00,378.7899999999997,379.0399999999997,377.1099999999997,377.75999999999965,9106
2026-03-20T18:00:00+00:00,377.75999999999965,377.8599999999997,375.00999999999965,375.6099999999997,10566
2026-03-20T18:30:00+00:00,375.6099999999997,376.08999999999963,373.6699999999997,374.19999999999965,9931
2026-03-20T19:00:00+00:00,374.19999999999965,374.64999999999964,371.73999999999967,372.11999999999966,13514
2026-03-20T19:30:00+00:00,372.11999999999966,374.0999999999997,370.38999999999965,374.0999999999997,17200
2026-03-23T13:30:00+00:00,374.0999999999997,388.2899999999997,374.0999999999997,387.7899999999997,17656
2026-03-23T14:00:00+00:00,387.7899999999997,389.89999999999964,386.5999999999997,389.23999999999967,14466
2026-03-23T14:30:00+00:00,389.23999999999967,390.57999999999964,388.24999999999966,389.33999999999963,13790
2026-03-23T15:00:00+00:00,389.33999999999963,391.25999999999965,388.8599999999997,389.4199999999997,12213
2026-03-23T15:30:00+00:00,389.4199999999997,389.80999999999966,383.95999999999964,384.12999999999965,14493
2026-03-23T16:00:00+00:00,384.12999999999965,386.37999999999965,383.2199999999997,383.29999999999967,13804
2026-03-23T16:30:00+00:00,383.29999999999967,385.42999999999967,383.23999999999967,384.24999999999966,11829
2026-03-23T17:00:00+00:00,384.24999999999966,384.75999999999965,382.4099999999997,383.50999999999965,9840
2026-03-23T17:30:00+00:00,383.50999999999965,386.83999999999963,383.48999999999967,386.19999999999965,9644
2026-03-23T18:00:00+00:00,386.19999999999965,386.6599999999997,385.24999999999966,385.62999999999965,9346
2026-03-23T18:30:00+00:00,385.62999999999965,388.1699999999997,385.4799999999997,387.7899999999997,8661
2026-03-23T19:00:00+00:00,387.7899999999997,387.9099999999997,386.5399999999997,387.19999999999965,11608
2026-03-23T19:30:00+00:00,387.19999999999965,387.8499999999997,385.95999999999964,386.8599999999997,12477
2026-03-24T13:30:00+00:00,386.8599999999997,392.12999999999965,381.82999999999964,388.98999999999967,13254
2026-03-24T14:00:00+00:00,388.98999999999967,392.2799999999997,388.9099999999997,390.48999999999967,13107
2026-03-24T14:30:00+00:00,390.48999999999967,393.38999999999965,388.63999999999965,391.54999999999967,15486
2026-03-24T15:00:00+00:00,391.54999999999967,393.0399999999997,389.83999999999963,389.88999999999965,12400
2026-03-24T15:30:00+00:00,389.88999999999965,390.3599999999997,388.31999999999965,388.42999999999967,9425
2026-03-24T16:00:00+00:00,388.42999999999967,390.2799999999997,387.56999999999965,390.01999999999964,9076
2026-03-24T16:30:00+00:00,390.01999999999964,390.17999999999967,387.95999999999964,388.83999999999963,7970
2026-03-24T17:00:00+00:00,388.83999999999963,389.13999999999965,386.4799999999997,387.29999999999967,10237
2026-03-24T17:30:00+00:00,387.29999999999967,387.80999999999966,385.61999999999966,387.3599999999997,9922
2026-03-24T18:00:00+00:00,387.3599999999997,389.69999999999965,387.0399999999997,389.33999999999963,9277
2026-03-24T18:30:00+00:00,389.33999999999963,392.3599999999997,388.75999999999965,390.4199999999997,9572
2026-03-24T19:00:00+00:00,390.4199999999997,391.45999999999964,389.87999999999965,389.9799999999997,11510
2026-03-24T19:30:00+00:00,389.9799999999997,390.76999999999964,388.20999999999964,389.14999999999964,12769
2026-03-25T13:30:00+00:00,389.14999999999964,402.08999999999963,389.14999999999964,397.92999999999967,12316
2026-03-25T14:00:00+00:00,397.92999999999967,400.7299999999997,396.43999999999966,399.75999999999965,11368
2026-03-25T14:30:00+00:00,399.75999999999965,400.73999999999967,398.95999999999964,399.11999999999966,9777
2026-03-25T15:00:00+00:00,399.11999999999966,399.49999999999966,395.18999999999966,398.5399999999997,11723
2026-03-25T15:30:00+00:00,398.5399999999997,398.95999999999964,394.19999999999965,394.76999999999964,10135
2026-03-25T16:00:00+00:00,394.76999999999964,395.67999999999967,393.5299999999997,395.05999999999966,10030
2026-03-25T16:30:00+00:00,395.05999999999966,396.06999999999965,394.58999999999963,395.25999999999965,8045
2026-03-25T17:00:00+00:00,395.25999999999965,395.49999999999966,393.75999999999965,394.23999999999967,7738
2026-03-25T17:30:00+00:00,394.23999999999967,395.64999999999964,393.26999999999964,394.1599999999997,7981
2026-03-25T18:00:00+00:00,394.1599999999997,394.82999999999964,393.38999999999965,393.56999999999965,6921
2026-03-25T18:30:00+00:00,393.56999999999965,393.7799999999997,391.37999999999965,392.12999999999965,7070
2026-03-25T19:00:00+00:00,392.12999999999965,392.87999999999965,390.99999999999966,391.4099999999997,11341
2026-03-25T19:30:00+00:00,391.4099999999997,392.42999999999967,390.94999999999965,391.7199999999997,10432
2026-03-26T13:30:00+00:00,391.7199999999997,391.7199999999997,385.4199999999997,389.95999999999964,10460
2026-03-26T14:00:00+00:00,389.95999999999964,390.1599999999997,387.13999999999965,387.13999999999965,11258
2026-03-26T14:30:00+00:00,387.13999999999965,388.49999999999966,383.92999999999967,385.50999999999965,15177
2026-03-26T15:00:00+00:00,385.50999999999965,386.54999999999967,384.82999999999964,385.9099999999997,11575
2026-03-26T15:30:00+00:00,385.9099999999997,386.9799999999997,385.37999999999965,385.6599999999997,9829
2026-03-26T16:00:00+00:00,385.6599999999997,385.76999999999964,382.88999999999965,383.11999999999966,9304
2026-03-26T16:30:00+00:00,383.11999999999966,383.7899999999997,382.3599999999997,383.6099999999997,9499
2026-03-26T17:00:00+00:00,383.6099999999997,384.0299999999997,382.25999999999965,382.94999999999965,8082
2026-03-26T17:30:00+00:00,382.94999999999965,383.62999999999965,380.54999999999967,380.80999999999966,8283
2026-03-26T18:00:00+00:00,380.80999999999966,381.75999999999965,380.33999999999963,380.67999999999967,8769
2026-03-26T18:30:00+00:00,380.67999999999967,381.76999999999964,380.2199999999997,380.4799999999997,7919
2026-03-26T19:00:00+00:00,380.4799999999997,380.67999999999967,378.51999999999964,379.06999999999965,11838
2026-03-26T19:30:00+00:00,379.06999999999965,379.7799999999997,377.73999999999967,377.93999999999966,12407
2026-03-27T13:30:00+00:00,377.93999999999966,377.93999999999966,367.2899999999997,368.44999999999965,15042
2026-03-27T14:00:00+00:00,368.44999999999965,370.3499999999997,367.8599999999997,369.00999999999965,15168
2026-03-27T14:30:00+00:00,369.00999999999965,371.9199999999997,368.93999999999966,371.2799999999997,14443
2026-03-27T15:00:00+00:00,371.2799999999997,373.1599999999997,370.55999999999966,373.1599999999997,15391
2026-03-27T15:30:00+00:00,373.1599999999997,374.19999999999965,372.43999999999966,372.75999999999965,12695
2026-03-27T16:00:00+00:00,372.75999999999965,372.9099999999997,370.11999999999966,370.37999999999965,10257
2026-03-27T16:30:00+00:00,370.37999999999965,370.63999999999965,369.1099999999997,369.73999999999967,10488
2026-03-27T17:00:00+00:00,369.73999999999967,370.62999999999965,367.70999999999964,367.70999999999964,10589
2026-03-27T17:30:00+00:00,367.70999999999964,368.4199999999997,365.4799999999997,365.6699999999997,10121
2026-03-27T18:00:00+00:00,365.6699999999997,367.18999999999966,365.39999999999964,366.58999999999963,9872.04132231405
2026-03-27T18:30:00+00:00,366.58999999999963,367.93999999999966,366.19999999999965,366.56999999999965,9542
2026-03-27T19:00:00+00:00,366.56999999999965,367.94999999999965,365.3599999999997,367.2299999999997,11341
2026-03-27T19:30:00+00:00,367.2299999999997,368.32999999999964,366.07999999999964,367.87999999999965,14392
2026-03-30T13:30:00+00:00,367.87999999999965,373.04999999999967,367.87999999999965,368.9099999999997,14144
2026-03-30T14:00:00+00:00,368.9099999999997,370.9199999999997,368.58999999999963,368.80999999999966,12993
2026-03-30T14:30:00+00:00,368.80999999999966,370.25999999999965,366.57999999999964,370.23999999999967,13158
2026-03-30T15:00:00+00:00,370.23999999999967,371.25999999999965,367.17999999999967,367.74999999999966,12289
2026-03-30T15:30:00+00:00,367.74999999999966,370.51999999999964,367.49999999999966,369.00999999999965,11307
2026-03-30T16:00:00+00:00,369.00999999999965,369.29999999999967,365.92999999999967,366.04999999999967,10324
2026-03-30T16:30:00+00:00,366.04999999999967,366.6599999999997,365.4699999999997,366.14999999999964,8709
2026-03-30T17:00:00+00:00,366.14999999999964,366.77999999999963,363.37999999999965,363.4799999999997,9659
2026-03-30T17:30:00+00:00,363.4799999999997,363.92999999999967,362.2899999999997,363.1599999999997,9445
2026-03-30T18:00:00+00:00,363.1599999999997,363.27999999999963,361.0999999999997,361.44999999999965,7944
2026-03-30T18:30:00+00:00,361.44999999999965,362.2199999999997,360.44999999999965,360.58999999999963,7591
2026-03-30T19:00:00+00:00,360.58999999999963,360.86999999999966,358.2899999999997,358.52999999999963,13504
2026-03-30T19:30:00+00:00,358.52999999999963,361.52999999999963,358.01999999999964,361.0999999999997,14956
2026-03-31T13:30:00+00:00,361.0999999999997,371.25999999999965,361.0999999999997,370.2299999999997,16219
2026-03-31T14:00:00+00:00,370.2299999999997,371.82999999999964,367.87999999999965,371.63999999999965,14604
2026-03-31T14:30:00+00:00,371.63999999999965,371.92999999999967,367.57999999999964,368.68999999999966,15827
2026-03-31T15:00:00+00:00,368.68999999999966,371.77999999999963,368.67999999999967,369.99999999999966,14579
2026-03-31T15:30:00+00:00,369.99999999999966,370.37999999999965,368.27999999999963,368.37999999999965,13432
2026-03-31T16:00:00+00:00,368.37999999999965,371.3499999999997,368.24999999999966,371.05999999999966,10855
2026-03-31T16:30:00+00:00,371.05999999999966,377.69999999999965,370.63999999999965,376.06999999999965,20745
2026-03-31T17:00:00+00:00,376.06999999999965,378.50999999999965,375.57999999999964,375.82999999999964,18891
2026-03-31T17:30:00+00:00,375.82999999999964,377.20999999999964,373.89999999999964,374.11999999999966,15127
2026-03-31T18:00:00+00:00,374.11999999999966,377.4799999999997,374.1099999999997,377.20999999999964,11467
2026-03-31T18:30:00+00:00,377.20999999999964,379.2199999999997,376.8499999999997,378.2199999999997,10645
2026-03-31T19:00:00+00:00,378.2199999999997,378.88999999999965,377.63999999999965,378.04999999999967,12828
2026-03-31T19:30:00+00:00,378.04999999999967,379.04999999999967,376.38999999999965,377.63999999999965,16169
2026-04-01T13:30:00+00:00,377.63999999999965,384.73999999999967,377.63999999999965,380.95999999999964,17030
2026-04-01T14:00:00+00:00,380.95999999999964,384.4199999999997,380.14999999999964,384.3599999999997,13567
2026-04-01T14:30:00+00:00,384.3599999999997,387.56999999999965,382.79999999999967,387.4099999999997,13312
2026-04-01T15:00:00+00:00,387.4099999999997,388.31999999999965,386.7199999999997,386.76999999999964,8709
2026-04-01T15:30:00+00:00,386.76999999999964,389.00999999999965,386.27999999999963,388.20999999999964,7116
2026-04-01T16:00:00+00:00,388.20999999999964,388.58999999999963,387.27999999999963,387.39999999999964,5933
2026-04-01T16:30:00+00:00,387.39999999999964,388.04999999999967,386.89999999999964,387.4699999999997,4941
2026-04-01T17:00:00+00:00,387.4699999999997,388.1099999999997,386.48999999999967,386.94999999999965,4162
2026-04-01T17:30:00+00:00,386.94999999999965,387.56999999999965,385.4699999999997,385.49999999999966,5230
2026-04-01T18:00:00+00:00,385.49999999999966,385.6599999999997,382.95999999999964,383.4699999999997,9199
2026-04-01T18:30:00+00:00,383.4699999999997,385.0399999999997,382.89999999999964,384.70999999999964,7906
2026-04-01T19:00:00+00:00,384.70999999999964,386.70999999999964,384.52999999999963,386.4099999999997,10592
2026-04-01T19:30:00+00:00,386.4099999999997,387.4099999999997,385.4199999999997,386.89999999999964,13061
2026-04-02T13:30:00+00:00,386.89999999999964,386.89999999999964,369.50999999999965,371.3499999999997,17181
2026-04-02T14:00:00+00:00,371.3499999999997,375.79999999999967,369.5399999999997,371.99999999999966,15612
2026-04-02T14:30:00+00:00,371.99999999999966,376.0999999999997,370.08999999999963,373.21999999999963,19372.3
2026-04-02T15:00:00+00:00,373.21999999999963,373.9099999999996,371.4799999999996,371.9199999999996,15302
2026-04-02T15:30:00+00:00,371.9199999999996,372.83999999999963,370.39999999999964,371.33999999999963,11635
2026-04-02T16:00:00+00:00,371.33999999999963,372.3799999999996,369.8299999999996,370.26999999999964,9921
2026-04-02T16:30:00+00:00,370.26999999999964,372.02999999999963,369.3099999999996,370.21999999999963,9381
2026-04-02T17:00:00+00:00,370.21999999999963,372.20999999999964,369.64999999999964,370.9299999999996,8547
2026-04-02T17:30:00+00:00,370.9299999999996,371.02999999999963,365.52999999999963,365.6899999999996,10380
2026-04-02T18:00:00+00:00,365.6899999999996,366.5099999999996,365.0599999999996,365.3899999999996,9848
2026-04-02T18:30:00+00:00,365.3899999999996,366.8799999999996,365.3299999999996,365.83999999999963,8046
2026-04-02T19:00:00+00:00,365.83999999999963,366.8499999999996,364.96999999999963,365.4999999999996,10797
2026-04-02T19:30:00+00:00,365.4999999999996,367.4099999999996,365.46999999999963,366.4799999999996,11991
2026-04-06T13:30:00+00:00,366.4799999999996,373.6099999999996,366.4799999999996,369.6099999999996,14446
2026-04-06T14:00:00+00:00,369.6099999999996,370.4099999999996,363.52999999999963,364.8499999999996,13359
2026-04-06T14:30:00+00:00,364.8499999999996,366.0999999999996,361.5399999999996,361.5999999999996,13922
2026-04-06T15:00:00+00:00,361.5999999999996,362.33999999999963,358.8599999999996,359.3199999999996,10663
2026-04-06T15:30:00+00:00,359.3199999999996,360.45999999999964,358.0799999999996,360.3099999999996,8881
2026-04-06T16:00:00+00:00,360.3099999999996,360.3199999999996,357.1699999999996,357.9799999999996,7045
2026-04-06T16:30:00+00:00,357.9799999999996,358.1699999999996,355.6399999999996,355.95999999999964,7501
2026-04-06T17:00:00+00:00,355.95999999999964,356.1799999999996,352.5599999999996,354.7999999999996,11045
2026-04-06T17:30:00+00:00,354.7999999999996,355.4099999999996,353.0399999999996,353.3299999999996,8235
2026-04-06T18:00:00+00:00,353.3299999999996,355.52999999999963,353.02999999999963,354.2599999999996,9860
2026-04-06T18:30:00+00:00,354.2599999999996,357.3699999999996,354.0399999999996,356.7899999999996,6722
2026-04-06T19:00:00+00:00,356.7899999999996,357.89999999999964,356.52999999999963,357.6299999999996,7835
2026-04-06T19:30:00+00:00,357.6299999999996,359.1299999999996,357.0399999999996,358.6399999999996,8755
2026-04-07T13:30:00+00:00,358.6399999999996,358.6399999999996,348.5399999999996,348.71999999999963,15083
2026-04-07T14:00:00+00:00,348.71999999999963,349.1399999999996,346.1699999999996,347.7899999999996,13064
2026-04-07T14:30:00+00:00,347.7899999999996,348.6699999999996,344.58999999999963,344.6399999999996,11961
2026-04-07T15:00:00+00:00,344.6399999999996,345.5399999999996,343.1599999999996,344.95999999999964,12427
2026-04-07T15:30:00+00:00,344.95999999999964,345.6799999999996,344.1099999999996,345.4299999999996,8794
2026-04-07T16:00:00+00:00,345.4299999999996,348.1099999999996,345.21999999999963,347.6399999999996,11458
2026-04-07T16:30:00+00:00,347.6399999999996,348.9999999999996,347.3899999999996,347.6599999999996,7217
2026-04-07T17:00:00+00:00,347.6599999999996,348.4899999999996,346.6799999999996,347.7899999999996,7428
2026-04-07T17:30:00+00:00,347.7899999999996,350.4099999999996,347.2299999999996,348.9799999999996,8150
2026-04-07T18:00:00+00:00,348.9799999999996,349.3299999999996,347.8499999999996,348.4099999999996,6625
2026-04-07T18:30:00+00:00,348.4099999999996,348.7599999999996,345.1099999999996,346.26999999999964,7345
2026-04-07T19:00:00+00:00,346.26999999999964,349.7999999999996,345.8599999999996,348.1799999999996,14836
2026-04-07T19:30:00+00:00,348.1799999999996,352.70999999999964,347.6999999999996,352.3799999999996,15835
2026-04-08T13:30:00+00:00,352.3799999999996,370.2899999999996,352.3799999999996,358.95999999999964,16910
2026-04-08T14:00:00+00:00,358.95999999999964,360.3899999999996,353.4799999999996,353.7599999999996,13707
2026-04-08T14:30:00+00:00,353.7599999999996,355.6299999999996,352.0499999999996,354.21999999999963,13056.402098950524
2026-04-08T15:00:00+00:00,354.21999999999963,354.73999999999967,351.4099999999996,351.73999999999967,10537
2026-04-08T15:30:00+00:00,351.73999999999967,353.9799999999996,351.0999999999996,353.92999999999967,8074
2026-04-08T16:00:00+00:00,353.92999999999967,355.12999999999965,351.5999999999996,352.83999999999963,7848
2026-04-08T16:30:00+00:00,352.83999999999963,354.5999999999996,352.46999999999963,353.7999999999996,6758
2026-04-08T17:00:00+00:00,353.7999999999996,354.3599999999996,353.14999999999964,353.3499999999996,6397
2026-04-08T17:30:00+00:00,353.3499999999996,354.42999999999967,351.5499999999996,352.3499999999996,6430
2026-04-08T18:00:00+00:00,352.3499999999996,353.8499999999996,349.43999999999966,349.4799999999996,8743
2026-04-08T18:30:00+00:00,349.4799999999996,349.6699999999996,345.80999999999966,345.95999999999964,8030
2026-04-08T19:00:00+00:00,345.95999999999964,348.48999999999967,345.55999999999966,347.4099999999996,11529
2026-04-08T19:30:00+00:00,347.4099999999996,349.38999999999965,347.1099999999996,349.12999999999965,10750
2026-04-09T13:30:00+00:00,349.12999999999965,351.44999999999965,343.20999999999964,344.68999999999966,12599
2026-04-09T14:00:00+00:00,344.68999999999966,346.6599999999996,343.14999999999964,345.50999999999965,10210
2026-04-09T14:30:00+00:00,345.50999999999965,348.5399999999996,344.6599999999996,347.82999999999964,8401
2026-04-09T15:00:00+00:00,347.82999999999964,349.57999999999964,345.67999999999967,346.11999999999966,7783
2026-04-09T15:30:00+00:00,346.11999999999966,351.73999999999967,345.7999999999996,350.92999999999967,9870
2026-04-09T16:00:00+00:00,350.92999999999967,354.7299999999996,350.8499999999996,353.83999999999963,8033
2026-04-09T16:30:00+00:00,353.83999999999963,353.87999999999965,351.2999999999996,352.6699999999996,6922
2026-04-09T17:00:00+00:00,352.6699999999996,354.0999999999996,352.25999999999965,353.6099999999996,5168
2026-04-09T17:30:00+00:00,353.6099999999996,354.70999999999964,352.43999999999966,353.80999999999966,5443
2026-04-09T18:00:00+00:00,353.80999999999966,353.80999999999966,350.96999999999963,351.57999999999964,7742
2026-04-09T18:30:00+00:00,351.57999999999964,352.05999999999966,350.63999999999965,351.2999999999996,5284
2026-04-09T19:00:00+00:00,351.2999999999996,352.46999999999963,350.38999999999965,351.51999999999964,8101
2026-04-09T19:30:00+00:00,351.51999999999964,352.3499999999996,350.62999999999965,351.6699999999996,8033
2026-04-10T13:30:00+00:00,351.6699999999996,356.08999999999963,350.57999999999964,353.1599999999996,11668
2026-04-10T14:00:00+00:00,353.1599999999996,353.82999999999964,350.52999999999963,352.45999999999964,8465
2026-04-10T14:30:00+00:00,352.45999999999964,353.88999999999965,351.21999999999963,352.71999999999963,7509.620856131316
2026-04-10T15:00:00+00:00,352.71999999999963,353.18999999999966,351.4799999999997,351.51999999999964,6620
2026-04-10T15:30:00+00:00,351.51999999999964,351.82999999999964,349.30999999999966,349.9099999999996,7391
2026-04-10T16:00:00+00:00,349.9099999999996,350.9099999999996,349.27999999999963,349.96999999999963,5387
2026-04-10T16:30:00+00:00,349.96999999999963,350.21999999999963,348.68999999999966,349.50999999999965,5111
2026-04-10T17:00:00+00:00,349.50999999999965,350.75999999999965,348.80999999999966,349.9099999999996,4810
2026-04-10T17:30:00+00:00,349.9099999999996,352.33999999999963,349.57999999999964,352.2299999999997,4475
2026-04-10T18:00:00+00:00,352.2299999999997,353.17999999999967,351.62999999999965,352.8599999999997,4383
2026-04-10T18:30:00+00:00,352.8599999999997,352.9199999999997,351.01999999999964,351.9099999999996,3902
2026-04-10T19:00:00+00:00,351.9099999999996,352.8599999999997,351.64999999999964,351.99999999999966,4910
2026-04-10T19:30:00+00:00,351.99999999999966,355.06999999999965,351.8599999999997,354.74999999999966,7275
2026-04-13T13:30:00+00:00,354.74999999999966,360.71999999999963,354.51999999999964,359.8599999999997,12094
2026-04-13T14:00:00+00:00,359.8599999999997,362.23999999999967,356.14999999999964,357.64999999999964,10094
2026-04-13T14:30:00+00:00,357.64999999999964,359.19999999999965,356.21999999999963,358.77999999999963,6283
2026-04-13T15:00:00+00:00,358.77999999999963,358.79999999999967,355.69999999999965,356.26999999999964,6205
2026-04-13T15:30:00+00:00,356.26999999999964,357.37999999999965,355.89999999999964,356.83999999999963,5039
2026-04-13T16:00:00+00:00,356.83999999999963,359.26999999999964,356.26999999999964,359.02999999999963,6310
2026-04-13T16:30:00+00:00,359.02999999999963,359.4199999999997,357.64999999999964,358.79999999999967,7590
2026-04-13T17:00:00+00:00,358.79999999999967,360.48999999999967,358.69999999999965,360.37999999999965,4911
2026-04-13T17:30:00+00:00,360.37999999999965,360.62999999999965,358.51999999999964,358.68999999999966,4976
2026-04-13T18:00:00+00:00,358.68999999999966,358.96999999999963,357.7899999999997,358.0999999999996,3454
2026-04-13T18:30:00+00:00,358.0999999999996,358.14999999999964,357.18999999999966,357.6699999999997,3701
2026-04-13T19:00:00+00:00,357.6699999999997,357.9799999999997,356.20999999999964,357.3599999999997,5280
2026-04-13T19:30:00+00:00,357.3599999999997,358.64999999999964,356.5999999999996,358.2899999999997,7807
2026-04-14T13:30:00+00:00,358.2899999999997,367.13999999999965,358.2899999999997,364.9099999999996,10019
2026-04-14T14:00:00+00:00,364.9099999999996,369.1099999999997,363.81999999999965,368.93999999999966,7964
2026-04-14T14:30:00+00:00,368.93999999999966,369.95999999999964,367.48999999999967,369.19999999999965,6823
2026-04-14T15:00:00+00:00,369.19999999999965,369.24999999999966,366.8499999999996,368.7299999999997,5781
2026-04-14T15:30:00+00:00,368.7299999999997,372.04999999999967,368.70999999999964,371.5399999999997,5483
2026-04-14T16:00:00+00:00,371.5399999999997,373.4099999999996,371.23999999999967,373.18999999999966,4686
2026-04-14T16:30:00+00:00,373.18999999999966,373.57999999999964,370.8499999999996,371.04999999999967,4445
2026-04-14T17:00:00+00:00,371.04999999999967,372.05999999999966,370.29999999999967,371.1599999999996,3874
2026-04-14T17:30:00+00:00,371.1599999999996,371.74999999999966,370.50999999999965,370.63999999999965,3322
2026-04-14T18:00:00+00:00,370.63999999999965,370.76999999999964,368.46999999999963,369.5399999999997,4049
2026-04-14T18:30:00+00:00,369.5399999999997,370.20999999999964,369.25999999999965,370.13999999999965,3542
2026-04-14T19:00:00+00:00,370.13999999999965,371.6599999999996,369.9099999999996,371.52999999999963,5148
2026-04-14T19:30:00+00:00,371.52999999999963,371.5399999999997,369.4099999999996,370.2899999999997,7318
2026-04-15T13:30:00+00:00,370.2899999999997,377.43999999999966,368.42999999999967,376.4099999999996,11882
2026-04-15T14:00:00+00:00,376.4099999999996,383.61999999999966,375.79999999999967,382.62999999999965,10452
2026-04-15T14:30:00+00:00,382.62999999999965,388.01999999999964,382.20999999999964,387.24999999999966,10296.971841788101
2026-04-15T15:00:00+00:00,387.24999999999966,395.48999999999967,386.1599999999996,394.43999999999966,12400
2026-04-15T15:30:00+00:00,394.43999999999966,400.04999999999967,393.55999999999966,397.75999999999965,13400
2026-04-15T16:00:00+00:00,397.75999999999965,400.36999999999966,396.17999999999967,398.87999999999965,9981
2026-04-15T16:30:00+00:00,398.87999999999965,399.08999999999963,392.6599999999996,393.52999999999963,12237
2026-04-15T17:00:00+00:00,393.52999999999963,394.4799999999996,392.05999999999966,393.26999999999964,9466
2026-04-15T17:30:00+00:00,393.26999999999964,395.71999999999963,392.68999999999966,394.06999999999965,8038
2026-04-15T18:00:00+00:00,394.06999999999965,396.69999999999965,393.1599999999996,396.01999999999964,8902
2026-04-15T18:30:00+00:00,396.01999999999964,397.27999999999963,394.95999999999964,396.1099999999996,8846
2026-04-15T19:00:00+00:00,396.1099999999996,398.52999999999963,395.79999999999967,398.4199999999996,9335
2026-04-15T19:30:00+00:00,398.4199999999996,400.56999999999965,397.1699999999996,397.75999999999965,12582
2026-04-16T13:30:00+00:00,397.75999999999965,399.87999999999965,387.75999999999965,388.80999999999966,14505
2026-04-16T14:00:00+00:00,388.80999999999966,393.3499999999996,388.29999999999967,391.69999999999965,11374
2026-04-16T14:30:00+00:00,391.69999999999965,392.76999999999964,389.89999999999964,390.61999999999966,7945
2026-04-16T15:00:00+00:00,390.61999999999966,395.3599999999996,390.4799999999996,393.82999999999964,7244
2026-04-16T15:30:00+00:00,393.82999999999964,396.4799999999996,393.3599999999996,395.69999999999965,6923
2026-04-16T16:00:00+00:00,395.69999999999965,396.57999999999964,394.89999999999964,395.70999999999964,4583
2026-04-16T16:30:00+00:00,395.70999999999964,395.79999999999967,392.64999999999964,394.39999999999964,6480
2026-04-16T17:00:00+00:00,394.39999999999964,395.1699999999996,393.45999999999964,394.49999999999966,5304
2026-04-16T17:30:00+00:00,394.49999999999966,394.94999999999965,393.26999999999964,393.92999999999967,4656
2026-04-16T18:00:00+00:00,393.92999999999967,394.7899999999996,391.1599999999996,391.82999999999964,6278
2026-04-16T18:30:00+00:00,391.82999999999964,394.1099999999996,391.80999999999966,393.93999999999966,4785
2026-04-16T19:00:00+00:00,393.93999999999966,394.48999999999967,393.0999999999996,393.31999999999965,5690
2026-04-16T19:30:00+00:00,393.31999999999965,395.77999999999963,393.14999999999964,394.68999999999966,7155
2026-04-17T13:30:00+00:00,394.68999999999966,404.83999999999963,394.68999999999966,399.83999999999963,11427
2026-04-17T14:00:00+00:00,399.83999999999963,402.64999999999964,398.75999999999965,402.43999999999966,8899
2026-04-17T14:30:00+00:00,402.43999999999966,413.0199999999997,402.38999999999965,412.5999999999997,11089.433174587091
2026-04-17T15:00:00+00:00,412.5999999999997,415.5899999999997,410.4599999999997,414.3899999999997,10728
2026-04-17T15:30:00+00:00,414.3899999999997,415.3599999999997,411.7699999999997,412.5299999999997,8986
2026-04-17T16:00:00+00:00,412.5299999999997,414.6499999999997,411.4799999999997,413.4099999999997,7273
2026-04-17T16:30:00+00:00,413.4099999999997,414.24999999999966,411.5899999999997,412.2299999999997,5219
2026-04-17T17:00:00+00:00,412.2299999999997,413.0899999999997,406.86999999999966,407.7899999999997,8073
2026-04-17T17:30:00+00:00,407.7899999999997,408.9699999999997,407.3499999999997,408.29999999999967,6714
2026-04-17T18:00:00+00:00,408.29999999999967,408.5999999999997,405.74999999999966,406.93999999999966,6505
2026-04-17T18:30:00+00:00,406.93999999999966,409.3599999999997,406.56999999999965,407.6599999999997,5802
2026-04-17T19:00:00+00:00,407.6599999999997,408.7299999999997,406.7299999999997,408.1099999999997,7680
2026-04-17T19:30:00+00:00,408.1099999999997,408.8999999999997,406.1399999999997,407.17999999999967,8861
2026-04-20T13:30:00+00:00,407.17999999999967,412.8299999999997,400.0199999999997,402.0399999999997,14792
2026-04-20T14:00:00+00:00,402.0399999999997,402.92999999999967,398.3399999999997,399.25999999999965,10722
2026-04-20T14:30:00+00:00,399.25999999999965,401.0899999999997,396.37999999999965,396.6699999999997,9272
2026-04-20T15:00:00+00:00,396.6699999999997,399.6099999999997,394.62999999999965,399.49999999999966,9403
2026-04-20T15:30:00+00:00,399.49999999999966,399.49999999999966,396.5999999999997,396.9599999999997,6675
2026-04-20T16:00:00+00:00,396.9599999999997,399.5199999999997,396.6399999999997,398.6599999999997,6244
2026-04-20T16:30:00+00:00,398.6599999999997,399.3899999999997,397.1499999999997,397.3399999999997,5077
2026-04-20T17:00:00+00:00,397.3399999999997,398.74999999999966,397.06999999999965,398.2199999999997,5124
2026-04-20T17:30:00+00:00,398.2199999999997,399.5299999999997,397.9599999999997,398.3599999999997,4914
2026-04-20T18:00:00+00:00,398.3599999999997,399.61999999999966,398.2799999999997,399.12999999999965,5085
2026-04-20T18:30:00+00:00,399.12999999999965,399.3299999999997,397.69999999999965,398.1499999999997,4617
2026-04-20T19:00:00+00:00,398.1499999999997,398.5799999999997,396.75999999999965,398.5299999999997,4959
2026-04-20T19:30:00+00:00,398.5299999999997,399.81999999999965,398.29999999999967,398.79999999999967,6438
2026-04-21T13:30:00+00:00,398.79999999999967,399.36999999999966,395.36999999999966,398.6599999999997,9528
2026-04-21T14:00:00+00:00,398.6599999999997,400.24999999999966,396.8999999999997,398.4599999999997,6447
2026-04-21T14:30:00+00:00,398.4599999999997,399.44999999999965,396.04999999999967,396.6099999999997,5995
2026-04-21T15:00:00+00:00,396.6099999999997,398.8599999999997,393.9699999999997,396.7799999999997,7514
2026-04-21T15:30:00+00:00,396.7799999999997,397.56999999999965,395.17999999999967,395.94999999999965,5369
2026-04-21T16:00:00+00:00,395.94999999999965,396.75999999999965,394.30999999999966,394.5799999999997,4441
2026-04-21T16:30:00+00:00,394.5799999999997,395.79999999999967,393.6699999999997,394.2899999999997,4505
2026-04-21T17:00:00+00:00,394.2899999999997,395.4199999999997,391.5199999999997,392.1099999999997,6176
2026-04-21T17:30:00+00:00,392.1099999999997,395.1499999999997,392.1099999999997,394.5999999999997,5487
2026-04-21T18:00:00+00:00,394.5999999999997,396.3899999999997,394.4199999999997,395.24999999999966,4182
2026-04-21T18:30:00+00:00,395.24999999999966,396.05999999999966,394.1099999999997,394.94999999999965,4042
2026-04-21T19:00:00+00:00,394.94999999999965,396.8499999999997,394.61999999999966,396.3599999999997,3957
2026-04-21T19:30:00+00:00,396.3599999999997,396.5999999999997,392.0999999999997,392.87999999999965,6784
2026-04-22T13:30:00+00:00,392.87999999999965,398.7899999999997,391.5799999999997,397.1499999999997,6917
2026-04-22T14:00:00+00:00,397.1499999999997,399.00999999999965,396.7699999999997,398.99999999999966,4848
2026-04-22T14:30:00+00:00,398.99999999999966,399.2799999999997,396.29999999999967,397.5899999999997,4300.479617399225
2026-04-22T15:00:00+00:00,397.5899999999997,398.0899999999997,395.41999999999973,395.90999999999974,3806
2026-04-22T15:30:00+00:00,395.90999999999974,397.8199999999997,395.8999999999997,397.09999999999974,3333
2026-04-22T16:00:00+00:00,397.09999999999974,397.65999999999974,395.9899999999997,396.1299999999997,3214
2026-04-22T16:30:00+00:00,396.1299999999997,396.8299999999997,394.91999999999973,395.2199999999997,3873
2026-04-22T17:00:00+00:00,395.2199999999997,397.1199999999997,394.9699999999997,396.7599999999997,3717
2026-04-22T17:30:00+00:00,396.7599999999997,397.0499999999997,395.1199999999997,395.35999999999973,3223
2026-04-22T18:00:00+00:00,395.35999999999973,395.8699999999997,394.6499999999997,394.72999999999973,2931
2026-04-22T18:30:00+00:00,394.72999999999973,395.34999999999974,394.0599999999997,394.28999999999974,2917
2026-04-22T19:00:00+00:00,394.28999999999974,395.91999999999973,393.6999999999997,395.53999999999974,4135
2026-04-22T19:30:00+00:00,395.53999999999974,396.0499999999997,393.1199999999997,393.9899999999997,5251
2026-04-23T13:30:00+00:00,393.9899999999997,393.9899999999997,377.4899999999997,378.6499999999997,12034
2026-04-23T14:00:00+00:00,378.6499999999997,381.8399999999997,374.6999999999997,375.3799999999997,11215
2026-04-23T14:30:00+00:00,375.3799999999997,382.8699999999997,375.03999999999974,382.3399999999997,9375
2026-04-23T15:00:00+00:00,382.3399999999997,384.9699999999997,381.66999999999973,383.7699999999997,6854
2026-04-23T15:30:00+00:00,383.7699999999997,387.2499999999997,383.1999999999997,387.09999999999974,7145
2026-04-23T16:00:00+00:00,387.09999999999974,387.2099999999997,383.0499999999997,385.5499999999997,6453
2026-04-23T16:30:00+00:00,385.5499999999997,387.2199999999997,382.09999999999974,383.09999999999974,5711
2026-04-23T17:00:00+00:00,383.09999999999974,383.3999999999997,378.3899999999997,379.1499999999997,10035
2026-04-23T17:30:00+00:00,379.1499999999997,381.10999999999973,376.0799999999997,379.8199999999997,11478
2026-04-23T18:00:00+00:00,379.8199999999997,381.2699999999997,379.40999999999974,380.3999999999997,7732
2026-04-23T18:30:00+00:00,380.3999999999997,381.41999999999973,377.91999999999973,378.2399999999997,5735
2026-04-23T19:00:00+00:00,378.2399999999997,380.47999999999973,378.0799999999997,380.2599999999997,7789
2026-04-23T19:30:00+00:00,380.2599999999997,380.5599999999997,378.65999999999974,379.91999999999973,9415
2026-04-24T13:30:00+00:00,379.91999999999973,388.9899999999997,376.9899999999997,381.28999999999974,10977
2026-04-24T14:00:00+00:00,381.28999999999974,383.16999999999973,378.5799999999997,379.7099999999997,11175
2026-04-24T14:30:00+00:00,379.7099999999997,383.7199999999997,378.7199999999997,382.94999999999965,9332.491434048161
2026-04-24T15:00:00+00:00,382.94999999999965,383.48999999999967,380.18999999999966,382.19999999999965,7202
2026-04-24T15:30:00+00:00,382.19999999999965,382.98999999999967,380.1099999999997,380.69999999999965,8543
2026-04-24T16:00:00+00:00,380.69999999999965,381.89999999999964,378.6099999999997,380.25999999999965,5871
2026-04-24T16:30:00+00:00,380.25999999999965,380.61999999999966,379.25999999999965,380.4199999999997,5172
2026-04-24T17:00:00+00:00,380.4199999999997,382.76999999999964,380.05999999999966,381.7899999999997,5338
2026-04-24T17:30:00+00:00,381.7899999999997,383.32999999999964,380.88999999999965,382.5399999999997,5017
2026-04-24T18:00:00+00:00,382.5399999999997,382.96999999999963,381.3599999999997,381.43999999999966,4366
2026-04-24T18:30:00+00:00,381.43999999999966,383.17999999999967,381.31999999999965,382.4199999999997,4146
2026-04-24T19:00:00+00:00,382.4199999999997,383.46999999999963,382.00999999999965,382.95999999999964,5890
2026-04-24T19:30:00+00:00,382.95999999999964,384.07999999999964,382.1099999999997,382.29999999999967,7514
2026-04-27T13:30:00+00:00,382.29999999999967,382.29999999999967,371.61999999999966,371.92999999999967,10807
2026-04-27T14:00:00+00:00,371.92999999999967,373.7899999999997,371.01999999999964,373.4799999999997,8598
2026-04-27T14:30:00+00:00,373.4799999999997,375.2299999999997,372.00999999999965,372.55999999999966,7125
2026-04-27T15:00:00+00:00,372.55999999999966,372.9799999999997,370.27999999999963,372.19999999999965,6497
2026-04-27T15:30:00+00:00,372.19999999999965,374.46999999999963,372.0399999999997,374.43999999999966,5118
2026-04-27T16:00:00+00:00,374.43999999999966,378.04999999999967,373.95999999999964,378.02999999999963,5443
2026-04-27T16:30:00+00:00,378.02999999999963,380.0999999999997,377.6099999999997,380.05999999999966,4753
2026-04-27T17:00:00+00:00,380.05999999999966,384.18999999999966,379.86999999999966,383.9199999999997,5829
2026-04-27T17:30:00+00:00,383.9199999999997,385.96999999999963,383.76999999999964,385.75999999999965,5472
2026-04-27T18:00:00+00:00,385.75999999999965,387.01999999999964,384.75999999999965,384.98999999999967,4806
2026-04-27T18:30:00+00:00,384.98999999999967,385.56999999999965,383.6699999999997,384.5399999999997,3960
2026-04-27T19:00:00+00:00,384.5399999999997,386.23999999999967,384.27999999999963,385.2899999999997,4240
2026-04-27T19:30:00+00:00,385.2899999999997,386.17999999999967,384.63999999999965,385.05999999999966,5919
2026-04-28T13:30:00+00:00,385.05999999999966,385.96999999999963,378.75999999999965,385.1099999999997,7948
2026-04-28T14:00:00+00:00,385.1099999999997,388.50999999999965,383.04999999999967,383.99999999999966,9192
2026-04-28T14:30:00+00:00,383.99999999999966,384.50999999999965,379.7899999999997,381.9199999999997,9739
2026-04-28T15:00:00+00:00,381.9199999999997,383.3599999999997,380.73999999999967,381.19999999999965,7789
2026-04-28T15:30:00+00:00,381.19999999999965,381.63999999999965,380.3499999999997,381.5399999999997,6302
2026-04-28T16:00:00+00:00,381.5399999999997,382.17999999999967,380.95999999999964,381.32999999999964,4858
2026-04-28T16:30:00+00:00,381.32999999999964,383.57999999999964,380.79999999999967,383.1599999999996,5090
2026-04-28T17:00:00+00:00,383.1599999999996,383.5399999999997,381.6099999999997,382.56999999999965,4466
2026-04-28T17:30:00+00:00,382.56999999999965,382.7899999999997,381.58999999999963,382.1599999999996,3731
2026-04-28T18:00:00+00:00,382.1599999999996,383.87999999999965,381.9099999999996,383.76999999999964,3877
2026-04-28T18:30:00+00:00,383.76999999999964,384.71999999999963,382.56999999999965,384.01999999999964,3953
2026-04-28T19:00:00+00:00,384.01999999999964,384.95999999999964,382.9199999999997,383.57999999999964,4874
2026-04-28T19:30:00+00:00,383.57999999999964,383.63999999999965,382.1599999999996,382.1599999999996,6823
2026-04-29T13:30:00+00:00,382.1599999999996,382.38999999999965,377.9099999999996,380.8499999999997,8365
2026-04-29T14:00:00+00:00,380.8499999999997,380.8499999999997,377.5399999999997,379.58999999999963,7732
2026-04-29T14:30:00+00:00,379.58999999999963,380.4799999999997,378.20999999999964,379.2399999999996,5966.544759077415
2026-04-29T15:00:00+00:00,379.2399999999996,380.57999999999964,376.64999999999964,380.2399999999996,6140
2026-04-29T15:30:00+00:00,380.2399999999996,380.77999999999963,376.2599999999996,377.02999999999963,6482
2026-04-29T16:00:00+00:00,377.02999999999963,378.6899999999996,376.9499999999996,377.7599999999996,4925
2026-04-29T16:30:00+00:00,377.7599999999996,379.6199999999996,376.7499999999996,378.76999999999964,5114
2026-04-29T17:00:00+00:00,378.76999999999964,380.0599999999996,378.0399999999996,379.3899999999996,4437
2026-04-29T17:30:00+00:00,379.3899999999996,379.8199999999996,378.4999999999996,379.0999999999996,3607
2026-04-29T18:00:00+00:00,379.0999999999996,379.2399999999996,376.7599999999996,377.64999999999964,5912
2026-04-29T18:30:00+00:00,377.64999999999964,380.57999999999964,376.6799999999996,380.32999999999964,6182
2026-04-29T19:00:00+00:00,380.32999999999964,381.0599999999996,379.39999999999964,380.14999999999964,6421
2026-04-29T19:30:00+00:00,380.14999999999964,380.20999999999964,378.3799999999996,379.27999999999963,6582
2026-04-30T13:30:00+00:00,379.27999999999963,379.27999999999963,375.0099999999996,375.7499999999996,8920
2026-04-30T14:00:00+00:00,375.7499999999996,377.4499999999996,374.4199999999996,376.6599999999996,8869
2026-04-30T14:30:00+00:00,376.6599999999996,382.5099999999996,376.3499999999996,382.1399999999996,8891
2026-04-30T15:00:00+00:00,382.1399999999996,384.8899999999996,382.1299999999996,384.71999999999963,7905
2026-04-30T15:30:00+00:00,384.71999999999963,385.95999999999964,382.9299999999996,384.3199999999996,6328
2026-04-30T16:00:00+00:00,384.3199999999996,386.3199999999996,383.6599999999996,383.8899999999996,4991
2026-04-30T16:30:00+00:00,383.8899999999996,384.5699999999996,382.8699999999996,383.95999999999964,4742
2026-04-30T17:00:00+00:00,383.95999999999964,385.3699999999996,383.8899999999996,384.7299999999996,3859
2026-04-30T17:30:00+00:00,384.7299999999996,385.95999999999964,384.7299999999996,385.5399999999996,3672
2026-04-30T18:00:00+00:00,385.5399999999996,387.5999999999996,385.4999999999996,387.3799999999996,4435
2026-04-30T18:30:00+00:00,387.3799999999996,388.9299999999996,387.01999999999964,388.52999999999963,4706
2026-04-30T19:00:00+00:00,388.52999999999963,390.89999999999964,388.33999999999963,390.1699999999996,6352
2026-04-30T19:30:00+00:00,390.1699999999996,390.1799999999996,386.8599999999996,387.9999999999996,7304
2026-05-01T13:30:00+00:00,387.9999999999996,393.4499999999996,385.8499999999996,389.0699999999996,10462
2026-05-01T14:00:00+00:00,389.0699999999996,394.6099999999996,388.6999999999996,394.3099999999996,9634
2026-05-01T14:30:00+00:00,394.3099999999996,397.8099999999996,391.2499999999996,397.3599999999996,10427.918433026301
2026-05-01T15:00:00+00:00,397.3599999999996,399.27999999999963,396.0899999999996,398.8199999999996,9347
2026-05-01T15:30:00+00:00,398.8199999999996,402.6499999999996,398.4999999999996,400.5899999999996,9023
2026-05-01T16:00:00+00:00,400.5899999999996,402.5999999999996,399.4899999999996,401.5199999999996,7701
2026-05-01T16:30:00+00:00,401.5199999999996,402.1799999999996,399.5099999999996,400.7599999999996,7041
2026-05-01T17:00:00+00:00,400.7599999999996,401.8499999999996,399.9999999999996,401.3999999999996,5687
2026-05-01T17:30:00+00:00,401.3999999999996,403.9199999999996,401.02999999999963,403.8099999999996,5699
2026-05-01T18:00:00+00:00,403.8099999999996,403.9899999999996,401.5499999999996,402.4099999999996,6284
2026-05-01T18:30:00+00:00,402.4099999999996,402.5599999999996,399.7999999999996,400.4599999999996,5991
2026-05-01T19:00:00+00:00,400.4599999999996,401.9799999999996,400.0199999999996,400.5699999999996,6427
2026-05-01T19:30:00+00:00,400.5699999999996,400.71999999999963,396.2999999999996,396.9299999999996,9870
2026-05-04T13:30:00+00:00,396.9299999999996,400.4399999999996,393.5899999999996,399.2599999999996,9377
2026-05-04T14:00:00+00:00,399.2599999999996,400.6499999999996,395.0699999999996,395.1099999999996,8349
2026-05-04T14:30:00+00:00,395.1099999999996,398.5899999999996,394.6199999999996,395.6099999999996,6805
2026-05-04T15:00:00+00:00,395.6099999999996,397.6299999999996,392.0199999999996,394.9199999999996,9167
2026-05-04T15:30:00+00:00,394.9199999999996,395.2599999999996,391.4199999999996,393.3199999999996,9279
2026-05-04T16:00:00+00:00,393.3199999999996,395.0599999999996,390.9999999999996,393.5699999999996,8388
2026-05-04T16:30:00+00:00,393.5699999999996,396.21999999999963,393.3099999999996,396.0699999999996,5863
2026-05-04T17:00:00+00:00,396.0699999999996,400.4199999999996,395.9999999999996,399.4799999999996,6607
2026-05-04T17:30:00+00:00,399.4799999999996,400.1899999999996,398.3099999999996,398.3099999999996,4466
2026-05-04T18:00:00+00:00,398.3099999999996,399.02999999999963,397.0199999999996,398.6199999999996,4275
2026-05-04T18:30:00+00:00,398.6199999999996,399.0399999999996,396.7999999999996,398.9599999999996,4002
2026-05-04T19:00:00+00:00,398.9599999999996,400.0099999999996,398.3999999999996,399.2699999999996,5883
2026-05-04T19:30:00+00:00,399.2699999999996,399.4599999999996,397.9899999999996,398.77999999999963,5975
2026-05-05T13:30:00+00:00,398.77999999999963,408.1499999999996,398.77999999999963,404.2899999999996,10101
2026-05-05T14:00:00+00:00,404.2899999999996,407.8999999999996,400.4499999999996,400.5899999999996,9922
2026-05-05T14:30:00+00:00,400.5899999999996,401.6799999999996,398.2999999999996,398.4499999999996,8594
2026-05-05T15:00:00+00:00,398.4499999999996,400.1799999999996,397.7399999999996,400.1799999999996,7543
2026-05-05T15:30:00+00:00,400.1799999999996,401.5399999999996,398.5099999999996,399.1699999999996,6456
2026-05-05T16:00:00+00:00,399.1699999999996,400.3999999999996,395.1699999999996,395.7999999999996,6100
2026-05-05T16:30:00+00:00,395.7999999999996,398.6599999999996,395.3899999999996,398.4199999999996,5734
2026-05-05T17:00:00+00:00,398.4199999999996,398.5499999999996,397.4599999999996,398.2299999999996,4642
2026-05-05T17:30:00+00:00,398.2299999999996,398.6499999999996,397.3399999999996,397.3399999999996,4305
2026-05-05T18:00:00+00:00,397.3399999999996,399.2299999999996,397.3399999999996,397.9599999999996,3809
2026-05-05T18:30:00+00:00,397.9599999999996,398.5999999999996,396.3899999999996,397.2399999999996,4389
2026-05-05T19:00:00+00:00,397.2399999999996,398.77999999999963,397.1399999999996,398.2699999999996,5131
2026-05-05T19:30:00+00:00,398.2699999999996,398.6299999999996,395.3299999999996,395.7299999999996,7139
2026-05-06T13:30:00+00:00,395.7299999999996,398.1899999999996,390.1999999999996,395.7299999999996,9202
2026-05-06T14:00:00+00:00,395.7299999999996,400.6699999999996,395.1199999999996,399.6699999999996,8414
2026-05-06T14:30:00+00:00,399.6699999999996,400.2299999999996,397.24999999999966,397.36999999999966,6742.6963123644255
2026-05-06T15:00:00+00:00,397.36999999999966,400.1099999999997,397.2599999999997,399.05999999999966,5804
2026-05-06T15:30:00+00:00,399.05999999999966,401.4999999999997,397.55999999999966,400.7099999999997,5713
2026-05-06T16:00:00+00:00,400.7099999999997,404.1699999999997,400.1699999999997,403.2599999999997,5698
2026-05-06T16:30:00+00:00,403.2599999999997,403.86999999999966,401.8599999999997,403.55999999999966,4706
2026-05-06T17:00:00+00:00,403.55999999999966,405.8599999999997,403.2699999999997,404.7599999999997,5179
2026-05-06T17:30:00+00:00,404.7599999999997,405.05999999999966,402.7699999999997,403.67999999999967,4258
2026-05-06T18:00:00+00:00,403.67999999999967,407.2699999999997,403.6599999999997,407.0099999999997,5197
2026-05-06T18:30:00+00:00,407.0099999999997,407.4799999999997,405.2199999999997,405.29999999999967,4300
2026-05-06T19:00:00+00:00,405.29999999999967,407.7599999999997,405.2599999999997,406.86999999999966,5948
2026-05-06T19:30:00+00:00,406.86999999999966,406.86999999999966,404.2099999999997,404.8399999999997,6814
2026-05-07T13:30:00+00:00,404.8399999999997,420.4399999999997,404.8399999999997,419.5699999999997,10800
2026-05-07T14:00:00+00:00,419.5699999999997,420.2699999999997,414.9799999999997,417.1899999999997,8986
2026-05-07T14:30:00+00:00,417.1899999999997,421.9499999999997,416.92999999999967,417.4699999999997,8186
2026-05-07T15:00:00+00:00,417.4699999999997,417.7899999999997,414.0199999999997,414.9099999999997,7483
2026-05-07T15:30:00+00:00,414.9099999999997,417.42999999999967,413.17999999999967,413.5199999999997,6818
2026-05-07T16:00:00+00:00,413.5199999999997,413.9499999999997,409.67999999999967,413.2699999999997,9019
2026-05-07T16:30:00+00:00,413.2699999999997,415.7299999999997,412.4999999999997,414.6499999999997,7060
2026-05-07T17:00:00+00:00,414.6499999999997,415.7499999999997,410.55999999999966,411.8599999999997,7095
2026-05-07T17:30:00+00:00,411.8599999999997,413.55999999999966,410.9099999999997,413.3599999999997,6080
2026-05-07T18:00:00+00:00,413.3599999999997,414.0999999999997,411.8499999999997,412.0099999999997,5793
2026-05-07T18:30:00+00:00,412.0099999999997,412.8199999999997,408.29999999999967,410.5799999999997,6902
2026-05-07T19:00:00+00:00,410.5799999999997,411.73999999999967,409.80999999999966,411.4999999999997,6286
2026-05-07T19:30:00+00:00,411.4999999999997,418.0899999999997,411.3799999999997,417.9099999999997,8280
2026-05-08T13:30:00+00:00,417.9099999999997,434.54999999999967,417.9099999999997,434.1499999999997,11812
2026-05-08T14:00:00+00:00,434.1499999999997,435.9599999999997,430.9599999999997,431.1699999999997,10221
2026-05-08T14:30:00+00:00,431.1699999999997,435.04999999999967,429.0399999999997,433.6299999999997,9133.278997560436
2026-05-08T15:00:00+00:00,433.6299999999997,436.53999999999974,433.21999999999974,434.7799999999997,8399
2026-05-08T15:30:00+00:00,434.7799999999997,437.2599999999997,433.5099999999997,434.9499999999997,7666
2026-05-08T16:00:00+00:00,434.9499999999997,435.6199999999997,433.09999999999974,434.6399999999997,6014
2026-05-08T16:30:00+00:00,434.6399999999997,435.3099999999997,432.96999999999974,433.60999999999973,5539
2026-05-08T17:00:00+00:00,433.60999999999973,434.90999999999974,432.4399999999997,433.09999999999974,6184
2026-05-08T17:30:00+00:00,433.09999999999974,434.0599999999997,432.5799999999997,432.6899999999997,4768
2026-05-08T18:00:00+00:00,432.6899999999997,435.0499999999997,431.59999999999974,434.7399999999997,5249
2026-05-08T18:30:00+00:00,434.7399999999997,435.5599999999997,432.0899999999997,432.0899999999997,5476
2026-05-08T19:00:00+00:00,432.0899999999997,433.10999999999973,431.4399999999997,431.4599999999997,6246
2026-05-08T19:30:00+00:00,431.4599999999997,434.71999999999974,430.5099999999997,434.66999999999973,9730
2026-05-11T13:30:00+00:00,434.66999999999973,434.66999999999973,424.7699999999997,427.66999999999973,9320
2026-05-11T14:00:00+00:00,427.66999999999973,428.03999999999974,423.8299999999997,423.97999999999973,8611
2026-05-11T14:30:00+00:00,423.97999999999973,428.78999999999974,422.90999999999974,428.7499999999997,9544
2026-05-11T15:00:00+00:00,428.7499999999997,442.35999999999973,428.7099999999997,441.7099999999997,10131
2026-05-11T15:30:00+00:00,441.7099999999997,447.65999999999974,440.8999999999997,443.66999999999973,10911
2026-05-11T16:00:00+00:00,443.66999999999973,446.9299999999997,442.3799999999997,445.9899999999997,7518
2026-05-11T16:30:00+00:00,445.9899999999997,449.46999999999974,443.8799999999997,446.6199999999997,8265
2026-05-11T17:00:00+00:00,446.6199999999997,447.3699999999997,443.9399999999997,446.15999999999974,6526
2026-05-11T17:30:00+00:00,446.15999999999974,449.59999999999974,445.46999999999974,448.4299999999997,6435
2026-05-11T18:00:00+00:00,448.4299999999997,453.46999999999974,448.40999999999974,452.9899999999997,7498
2026-05-11T18:30:00+00:00,452.9899999999997,453.6399999999997,450.53999999999974,450.6299999999997,7949
2026-05-11T19:00:00+00:00,450.6299999999997,455.21999999999974,450.47999999999973,451.41999999999973,8436
2026-05-11T19:30:00+00:00,451.41999999999973,453.4999999999997,448.5499999999997,451.1799999999997,9484
2026-05-12T13:30:00+00:00,451.1799999999997,453.7699999999997,442.66999999999973,443.0199999999997,10530
2026-05-12T14:00:00+00:00,443.0199999999997,445.5499999999997,441.2099999999997,441.2999999999997,9368
2026-05-12T14:30:00+00:00,441.2999999999997,442.5599999999997,436.47999999999973,436.8299999999997,10220
2026-05-12T15:00:00+00:00,436.8299999999997,438.4599999999997,432.5299999999997,432.7499999999997,9461
2026-05-12T15:30:00+00:00,432.7499999999997,435.9899999999997,430.7099999999997,431.16999999999973,8220
2026-05-12T16:00:00+00:00,431.16999999999973,434.2699999999997,430.7399999999997,431.7999999999997,6977
2026-05-12T16:30:00+00:00,431.7999999999997,432.0599999999997,428.3999999999997,428.9999999999997,7292
2026-05-12T17:00:00+00:00,428.9999999999997,434.47999999999973,428.97999999999973,433.0099999999997,7219
2026-05-12T17:30:00+00:00,433.0099999999997,434.6899999999997,432.6899999999997,433.7499999999997,5823
2026-05-12T18:00:00+00:00,433.7499999999997,436.3899999999997,433.6899999999997,435.8199999999997,5732
2026-05-12T18:30:00+00:00,435.8199999999997,437.9999999999997,435.2799999999997,435.8299999999997,5469
2026-05-12T19:00:00+00:00,435.8299999999997,439.60999999999973,435.66999999999973,439.34999999999974,6663
2026-05-12T19:30:00+00:00,439.34999999999974,441.8199999999997,438.6299999999997,439.8999999999997,9035
2026-05-13T13:30:00+00:00,439.8999999999997,445.5899999999997,436.3299999999997,439.5899999999997,10233
2026-05-13T14:00:00+00:00,439.5899999999997,449.3299999999997,439.5899999999997,448.5899999999997,10045
2026-05-13T14:30:00+00:00,448.5899999999997,454.5499999999997,448.16999999999973,453.59999999999974,10433.417687222282
2026-05-13T15:00:00+00:00,453.59999999999974,457.47999999999973,452.47999999999973,456.6899999999997,9522
2026-05-13T15:30:00+00:00,456.6899999999997,459.47999999999973,453.0099999999997,453.2799999999997,9234
2026-05-13T16:00:00+00:00,453.2799999999997,457.7799999999997,452.71999999999974,457.28999999999974,7566
2026-05-13T16:30:00+00:00,457.28999999999974,458.3799999999997,454.46999999999974,454.60999999999973,6790
2026-05-13T17:00:00+00:00,454.60999999999973,456.4999999999997,454.16999999999973,454.41999999999973,5312
2026-05-13T17:30:00+00:00,454.41999999999973,455.1799999999997,453.03999999999974,453.1299999999997,5611
2026-05-13T18:00:00+00:00,453.1299999999997,457.47999999999973,453.0199999999997,453.2999999999997,6760
2026-05-13T18:30:00+00:00,453.2999999999997,454.2799999999997,451.72999999999973,451.84999999999974,5523
2026-05-13T19:00:00+00:00,451.84999999999974,454.4399999999997,450.1399999999997,450.6799999999997,7401
2026-05-13T19:30:00+00:00,450.6799999999997,451.7599999999997,449.6299999999997,451.1999999999997,7216
2026-05-14T13:30:00+00:00,451.1999999999997,452.5199999999997,448.1499999999997,448.6499999999997,9869
2026-05-14T14:00:00+00:00,448.6499999999997,452.4899999999997,447.2799999999997,448.22999999999973,9444
2026-05-14T14:30:00+00:00,448.22999999999973,452.6999999999997,447.8899999999997,450.47999999999973,7975
2026-05-14T15:00:00+00:00,450.47999999999973,453.78999999999974,450.1899999999997,452.7099999999997,6881
2026-05-14T15:30:00+00:00,452.7099999999997,456.22999999999973,452.2699999999997,454.8299999999997,6857
2026-05-14T16:00:00+00:00,454.8299999999997,458.0199999999997,454.78999999999974,455.0599999999997,6138
2026-05-14T16:30:00+00:00,455.0599999999997,455.6299999999997,452.2399999999997,453.7699999999997,7182
2026-05-14T17:00:00+00:00,453.7699999999997,454.09999999999974,449.7399999999997,450.9399999999997,9479
2026-05-14T17:30:00+00:00,450.9399999999997,453.2599999999997,450.7099999999997,452.84999999999974,6394
2026-05-14T18:00:00+00:00,452.84999999999974,452.84999999999974,449.53999999999974,449.7499999999997,6850
2026-05-14T18:30:00+00:00,449.7499999999997,451.97999999999973,449.6499999999997,451.1399999999997,5157
2026-05-14T19:00:00+00:00,451.1399999999997,452.03999999999974,449.2399999999997,449.3799999999997,6374
2026-05-14T19:30:00+00:00,449.3799999999997,450.4599999999997,448.6299999999997,449.4999999999997,6844
2026-05-15T13:30:00+00:00,449.4999999999997,449.4999999999997,431.16999999999973,432.0899999999997,11931
2026-05-15T14:00:00+00:00,432.0899999999997,435.7999999999997,431.7799999999997,432.65999999999974,10633
2026-05-15T14:30:00+00:00,432.65999999999974,434.3999999999997,431.4999999999997,431.5899999999997,9461.225669957686
2026-05-15T15:00:00+00:00,431.5899999999997,433.0399999999997,430.4199999999997,431.9199999999997,9818
2026-05-15T15:30:00+00:00,431.9199999999997,433.7799999999997,429.98999999999967,431.04999999999967,9590
2026-05-15T16:00:00+00:00,431.04999999999967,431.9799999999997,429.79999999999967,430.6899999999997,8662
2026-05-15T16:30:00+00:00,430.6899999999997,431.0999999999997,429.5199999999997,430.8199999999997,6942
2026-05-15T17:00:00+00:00,430.8199999999997,434.80999999999966,430.6399999999997,434.4599999999997,7692
2026-05-15T17:30:00+00:00,434.4599999999997,435.4499999999997,433.6099999999997,434.3299999999997,6614
2026-05-15T18:00:00+00:00,434.3299999999997,435.2199999999997,431.6099999999997,431.7199999999997,7894
2026-05-15T18:30:00+00:00,431.7199999999997,432.6099999999997,430.3999999999997,431.8899999999997,8538
2026-05-15T19:00:00+00:00,431.8899999999997,432.0099999999997,428.79999999999967,429.11999999999966,10572
2026-05-15T19:30:00+00:00,429.11999999999966,430.9199999999997,428.0899999999997,428.30999999999966,11700
2026-05-18T13:30:00+00:00,428.30999999999966,428.30999999999966,417.11999999999966,422.1599999999997,10112
2026-05-18T14:00:00+00:00,422.1599999999997,424.8499999999997,419.1399999999997,419.8999999999997,8140
2026-05-18T14:30:00+00:00,419.8999999999997,420.5199999999997,415.4599999999997,416.9499999999997,11284
2026-05-18T15:00:00+00:00,416.9499999999997,418.3199999999997,414.3199999999997,414.36999999999966,10204
2026-05-18T15:30:00+00:00,414.36999999999966,419.24999999999966,413.9599999999997,418.1399999999997,7660
2026-05-18T16:00:00+00:00,418.1399999999997,420.5899999999997,415.0999999999997,415.3899999999997,6315
2026-05-18T16:30:00+00:00,415.3899999999997,418.4399999999997,414.7599999999997,417.6499999999997,6708
2026-05-18T17:00:00+00:00,417.6499999999997,417.7699999999997,415.3499999999997,415.99999999999966,5668
2026-05-18T17:30:00+00:00,415.99999999999966,416.0899999999997,413.7099999999997,415.4399999999997,6097
2026-05-18T18:00:00+00:00,415.4399999999997,415.6299999999997,411.80999999999966,413.1099999999997,7013
2026-05-18T18:30:00+00:00,413.1099999999997,414.1099999999997,411.4199999999997,412.1899999999997,7005
2026-05-18T19:00:00+00:00,412.1899999999997,417.3499999999997,412.1399999999997,414.5099999999997,6678
2026-05-18T19:30:00+00:00,414.5099999999997,417.0099999999997,414.3299999999997,416.0399999999997,7554
2026-05-19T13:30:00+00:00,416.0399999999997,416.0399999999997,404.7199999999997,405.0099999999997,9420
2026-05-19T14:00:00+00:00,405.0099999999997,405.0399999999997,401.49999999999966,401.8499999999997,8897
2026-05-19T14:30:00+00:00,401.8499999999997,403.8199999999997,399.74999999999966,402.9599999999997,8617
2026-05-19T15:00:00+00:00,402.9599999999997,404.17999999999967,401.5999999999997,403.6499999999997,6546
2026-05-19T15:30:00+00:00,403.6499999999997,404.7799999999997,402.30999999999966,403.4099999999997,5563
2026-05-19T16:00:00+00:00,403.4099999999997,404.6399999999997,402.0999999999997,402.8499999999997,4927
2026-05-19T16:30:00+00:00,402.8499999999997,407.8599999999997,402.1999999999997,407.6599999999997,5459
2026-05-19T17:00:00+00:00,407.6599999999997,409.79999999999967,407.1499999999997,409.1399999999997,5502
2026-05-19T17:30:00+00:00,409.1399999999997,410.23999999999967,408.42999999999967,410.0199999999997,5286
2026-05-19T18:00:00+00:00,410.0199999999997,411.5099999999997,409.9199999999997,410.79999999999967,5022
2026-05-19T18:30:00+00:00,410.79999999999967,411.6699999999997,408.3899999999997,409.2599999999997,5406
2026-05-19T19:00:00+00:00,409.2599999999997,411.2199999999997,408.8999999999997,410.0899999999997,4761
2026-05-19T19:30:00+00:00,410.0899999999997,410.9699999999997,409.1999999999997,410.3499999999997,5498
2026-05-20T13:30:00+00:00,410.3499999999997,419.9399999999997,410.3499999999997,415.8499999999997,10650
2026-05-20T14:00:00+00:00,415.8499999999997,417.0399999999997,412.49999999999966,413.9199999999997,9040
2026-05-20T14:30:00+00:00,413.9199999999997,418.9199999999997,413.8999999999997,418.28999999999974,9749.020183486238
2026-05-20T15:00:00+00:00,418.28999999999974,419.1499999999997,415.52999999999975,418.58999999999975,10063
2026-05-20T15:30:00+00:00,418.58999999999975,419.53999999999974,417.2599999999997,418.6399999999997,6199
2026-05-20T16:00:00+00:00,418.6399999999997,420.47999999999973,417.28999999999974,418.0699999999997,6980
2026-05-20T16:30:00+00:00,418.0699999999997,420.1999999999997,417.8199999999997,419.1199999999997,6502
2026-05-20T17:00:00+00:00,419.1199999999997,420.4299999999997,418.65999999999974,420.09999999999974,6010
2026-05-20T17:30:00+00:00,420.09999999999974,421.33999999999975,418.9999999999997,419.2699999999997,5018
2026-05-20T18:00:00+00:00,419.2699999999997,419.71999999999974,418.0499999999997,419.0499999999997,4795
2026-05-20T18:30:00+00:00,419.0499999999997,420.5499999999997,418.96999999999974,420.0099999999997,5052
2026-05-20T19:00:00+00:00,420.0099999999997,420.66999999999973,419.2599999999997,419.7999999999997,4268
2026-05-20T19:30:00+00:00,419.7999999999997,423.6899999999997,418.7599999999997,423.58999999999975,6937
2026-05-21T13:30:00+00:00,423.58999999999975,433.10999999999973,423.58999999999975,424.8799999999997,10990
2026-05-21T14:00:00+00:00,424.8799999999997,425.8099999999997,419.1399999999997,420.40999999999974,10477
2026-05-21T14:30:00+00:00,420.40999999999974,422.21999999999974,419.5599999999997,422.1799999999997,13255
2026-05-21T15:00:00+00:00,422.1799999999997,424.1799999999997,420.47999999999973,423.66999999999973,13082
2026-05-21T15:30:00+00:00,423.66999999999973,423.91999999999973,421.65999999999974,423.4899999999997,9452
2026-05-21T16:00:00+00:00,423.4899999999997,424.59999999999974,422.40999999999974,423.02999999999975,8819
2026-05-21T16:30:00+00:00,423.02999999999975,425.0199999999997,422.4999999999997,423.8299999999997,7144
2026-05-21T17:00:00+00:00,423.8299999999997,428.60999999999973,423.8099999999997,427.4499999999997,11469
2026-05-21T17:30:00+00:00,427.4499999999997,429.60999999999973,427.08999999999975,428.6199999999997,9471
2026-05-21T18:00:00+00:00,428.6199999999997,429.6399999999997,426.6299999999997,426.66999999999973,9237
2026-05-21T18:30:00+00:00,426.66999999999973,427.27999999999975,423.16999999999973,424.0799999999997,9671
2026-05-21T19:00:00+00:00,424.0799999999997,424.78999999999974,423.1299999999997,424.3899999999997,7936
2026-05-21T19:30:00+00:00,424.3899999999997,426.21999999999974,423.4599999999997,424.0699999999997,8781
2026-05-22T13:30:00+00:00,424.0699999999997,433.35999999999973,424.0699999999997,428.3899999999997,9213
2026-05-22T14:00:00+00:00,428.3899999999997,432.27999999999975,427.4499999999997,430.84999999999974,9118
2026-05-22T14:30:00+00:00,430.84999999999974,436.9399999999997,430.8199999999997,436.6299999999997,11926.418433931485
2026-05-22T15:00:00+00:00,436.6299999999997,437.1199999999997,433.8099999999997,434.9899999999997,9875
2026-05-22T15:30:00+00:00,434.9899999999997,435.66999999999973,432.4399999999997,435.3899999999997,7725
2026-05-22T16:00:00+00:00,435.3899999999997,437.4099999999997,433.3999999999997,433.8899999999997,7674
2026-05-22T16:30:00+00:00,433.8899999999997,434.2499999999997,432.7399999999997,433.8799999999997,6292
2026-05-22T17:00:00+00:00,433.8799999999997,436.1299999999997,432.8899999999997,436.1299999999997,7024
2026-05-22T17:30:00+00:00,436.1299999999997,437.8699999999997,434.4399999999997,434.4699999999997,8519
2026-05-22T18:00:00+00:00,434.4699999999997,434.7199999999997,433.2899999999997,434.2999999999997,6697
2026-05-22T18:30:00+00:00,434.2999999999997,436.1899999999997,434.10999999999973,435.66999999999973,7053
2026-05-22T19:00:00+00:00,435.66999999999973,435.7799999999997,431.8099999999997,432.1999999999997,7599
2026-05-22T19:30:00+00:00,432.1999999999997,432.8699999999997,430.2599999999997,432.5299999999997,7590
2026-05-26T13:30:00+00:00,432.5299999999997,439.8699999999997,432.5299999999997,436.8299999999997,7582
2026-05-26T14:00:00+00:00,436.8299999999997,437.8499999999997,432.5499999999997,433.1999999999997,5384
2026-05-26T14:30:00+00:00,433.1999999999997,439.2699999999997,432.5099999999997,436.9599999999997,7593
2026-05-26T15:00:00+00:00,436.9599999999997,440.8799999999997,436.6999999999997,439.7099999999997,7125
2026-05-26T15:30:00+00:00,439.7099999999997,440.0999999999997,434.8899999999997,434.9099999999997,7044
2026-05-26T16:00:00+00:00,434.9099999999997,436.2499999999997,433.9099999999997,436.2099999999997,5332
2026-05-26T16:30:00+00:00,436.2099999999997,438.9599999999997,436.1899999999997,438.4099999999997,4809
2026-05-26T17:00:00+00:00,438.4099999999997,440.0899999999997,437.9099999999997,438.6999999999997,4655
2026-05-26T17:30:00+00:00,438.6999999999997,439.3999999999997,436.9399999999997,438.3399999999997,4361
2026-05-26T18:00:00+00:00,438.3399999999997,439.5599999999997,437.7699999999997,439.1999999999997,4380
2026-05-26T18:30:00+00:00,439.1999999999997,441.5499999999997,438.0299999999997,438.3999999999997,5254
2026-05-26T19:00:00+00:00,438.3999999999997,438.60999999999973,436.1399999999997,437.4299999999997,4646
2026-05-26T19:30:00+00:00,437.4299999999997,440.7499999999997,437.2199999999997,440.0899999999997,5286
2026-05-27T13:30:00+00:00,440.0899999999997,451.7599999999997,440.0899999999997,446.9899999999997,8286
2026-05-27T14:00:00+00:00,446.9899999999997,448.97999999999973,441.8999999999997,443.7199999999997,6020
2026-05-27T14:30:00+00:00,443.7199999999997,451.97999999999973,442.9899999999997,448.2099999999997,6156.986672847375
2026-05-27T15:00:00+00:00,448.2099999999997,449.4799999999997,446.1599999999997,447.06999999999965,5089
2026-05-27T15:30:00+00:00,447.06999999999965,448.3999999999997,445.3899999999997,447.0299999999997,3902
2026-05-27T16:00:00+00:00,447.0299999999997,448.67999999999967,446.0199999999997,448.2299999999997,3319
2026-05-27T16:30:00+00:00,448.2299999999997,448.61999999999966,446.9699999999997,448.4699999999997,2699
2026-05-27T17:00:00+00:00,448.4699999999997,448.55999999999966,445.1599999999997,446.81999999999965,3191
2026-05-27T17:30:00+00:00,446.81999999999965,449.2899999999997,446.67999999999967,448.00999999999965,2931
2026-05-27T18:00:00+00:00,448.00999999999965,448.30999999999966,446.23999999999967,446.43999999999966,2853
2026-05-27T18:30:00+00:00,446.43999999999966,446.6399999999997,445.25999999999965,446.0199999999997,3144
2026-05-27T19:00:00+00:00,446.0199999999997,446.9199999999997,444.55999999999966,445.7899999999997,2827
2026-05-27T19:30:00+00:00,445.7899999999997,447.43999999999966,445.17999999999967,446.8499999999997,3708
2026-05-28T13:30:00+00:00,446.8499999999997,447.18999999999966,442.6599999999997,446.8499999999997,7070
2026-05-28T14:00:00+00:00,446.8499999999997,448.4199999999997,443.42999999999967,447.30999999999966,5857
2026-05-28T14:30:00+00:00,447.30999999999966,449.3599999999997,446.11999999999966,449.2699999999997,6922
2026-05-28T15:00:00+00:00,449.2699999999997,449.4699999999997,446.8999999999997,447.4599999999997,5639
2026-05-28T15:30:00+00:00,447.4599999999997,448.87999999999965,447.1399999999997,447.80999999999966,4624
2026-05-28T16:00:00+00:00,447.80999999999966,449.30999999999966,447.25999999999965,447.87999999999965,3948
2026-05-28T16:30:00+00:00,447.87999999999965,449.0899999999997,447.05999999999966,448.43999999999966,3070
2026-05-28T17:00:00+00:00,448.43999999999966,448.80999999999966,447.3899999999997,448.0799999999997,3306
2026-05-28T17:30:00+00:00,448.0799999999997,449.06999999999965,447.9099999999997,448.68999999999966,2824
2026-05-28T18:00:00+00:00,448.68999999999966,448.6999999999997,447.2799999999997,448.1499999999997,3033
2026-05-28T18:30:00+00:00,448.1499999999997,449.1699999999997,447.75999999999965,448.7299999999997,3382
2026-05-28T19:00:00+00:00,448.7299999999997,450.1399999999997,447.6599999999997,449.9799999999997,3558
2026-05-28T19:30:00+00:00,449.9799999999997,450.31999999999965,447.4199999999997,448.4499999999997,5000
2026-05-29T13:30:00+00:00,448.4499999999997,448.4499999999997,442.87999999999965,442.9599999999997,5291
2026-05-29T14:00:00+00:00,442.9599999999997,444.0999999999997,435.31999999999965,436.93999999999966,6002
2026-05-29T14:30:00+00:00,436.93999999999966,438.29999999999967,434.5299999999997,438.0199999999997,5331.848994611644
2026-05-29T15:00:00+00:00,438.0199999999997,440.3099999999997,437.8299999999997,439.8999999999997,3515
2026-05-29T15:30:00+00:00,439.8999999999997,441.1499999999997,439.4599999999997,441.0399999999997,3042
2026-05-29T16:00:00+00:00,441.0399999999997,447.3499999999997,441.0399999999997,444.41999999999973,4690
2026-05-29T16:30:00+00:00,444.41999999999973,445.9799999999997,442.1299999999997,443.85999999999973,3642
2026-05-29T17:00:00+00:00,443.85999999999973,445.2099999999997,443.2299999999997,444.41999999999973,2652
2026-05-29T17:30:00+00:00,444.41999999999973,445.1999999999997,443.3499999999997,443.3899999999997,2276
2026-05-29T18:00:00+00:00,443.3899999999997,444.2699999999997,442.5899999999997,443.9899999999997,2342
2026-05-29T18:30:00+00:00,443.9899999999997,444.4699999999997,441.3099999999997,441.3399999999997,2660
2026-05-29T19:00:00+00:00,441.3399999999997,441.7999999999997,440.3399999999997,440.7399999999997,2689
2026-05-29T19:30:00+00:00,440.7399999999997,443.3299999999997,440.4599999999997,441.7699999999997,3186
2026-06-01T13:30:00+00:00,441.7699999999997,441.7699999999997,428.9799999999997,429.2499999999997,6870
2026-06-01T14:00:00+00:00,429.2499999999997,431.1399999999997,427.4899999999997,427.9899999999997,5634
2026-06-01T14:30:00+00:00,427.9899999999997,428.4699999999997,424.9799999999997,425.7399999999997,7788
2026-06-01T15:00:00+00:00,425.7399999999997,428.5699999999997,425.6999999999997,428.1999999999997,6546
2026-06-01T15:30:00+00:00,428.1999999999997,430.3999999999997,427.1299999999997,427.3499999999997,6939
2026-06-01T16:00:00+00:00,427.3499999999997,428.2999999999997,424.6899999999997,425.0999999999997,6401
2026-06-01T16:30:00+00:00,425.0999999999997,427.5599999999997,425.0499999999997,427.1899999999997,5632
2026-06-01T17:00:00+00:00,427.1899999999997,427.2599999999997,425.8399999999997,427.1999999999997,5103
2026-06-01T17:30:00+00:00,427.1999999999997,427.85999999999973,425.8799999999997,426.6299999999997,5844
2026-06-01T18:00:00+00:00,426.6299999999997,427.2499999999997,426.0799999999997,426.4599999999997,4057
2026-06-01T18:30:00+00:00,426.4599999999997,426.4899999999997,425.3299999999997,425.4099999999997,3570
2026-06-01T19:00:00+00:00,425.4099999999997,425.5999999999997,424.4099999999997,424.5399999999997,4703
2026-06-01T19:30:00+00:00,424.5399999999997,424.7199999999997,421.7499999999997,421.91999999999973,7069
2026-06-02T13:30:00+00:00,421.91999999999973,425.6499999999997,419.9699999999997,423.41999999999973,4986
2026-06-02T14:00:00+00:00,423.41999999999973,427.1199999999997,422.1299999999997,425.9999999999997,4567
2026-06-02T14:30:00+00:00,425.9999999999997,429.60999999999973,425.4099999999997,429.0999999999997,4062
2026-06-02T15:00:00+00:00,429.0999999999997,429.7399999999997,426.8299999999997,428.2199999999997,3232
2026-06-02T15:30:00+00:00,428.2199999999997,429.0299999999997,427.1599999999997,428.0799999999997,2441
2026-06-02T16:00:00+00:00,428.0799999999997,428.9299999999997,426.8399999999997,427.5399999999997,2408
2026-06-02T16:30:00+00:00,427.5399999999997,429.1499999999997,426.3899999999997,428.8299999999997,2338
2026-06-02T17:00:00+00:00,428.8299999999997,429.60999999999973,427.7299999999997,427.8699999999997,2169
2026-06-02T17:30:00+00:00,427.8699999999997,429.1199999999997,427.0299999999997,428.6999999999997,2192
2026-06-02T18:00:00+00:00,428.6999999999997,429.3499999999997,427.4299999999997,427.7399999999997,2159
2026-06-02T18:30:00+00:00,427.7399999999997,428.9299999999997,427.5599999999997,428.2199999999997,1931
2026-06-02T19:00:00+00:00,428.2199999999997,428.2799999999997,426.10999999999973,426.6399999999997,2080
2026-06-02T19:30:00+00:00,426.6399999999997,430.4599999999997,426.1299999999997,430.0899999999997,3833
2026-06-03T13:30:00+00:00,430.0899999999997,431.7499999999997,422.2799999999997,429.1799999999997,10789
2026-06-03T14:00:00+00:00,429.1799999999997,438.7799999999997,429.1599999999997,434.9299999999997,11522
2026-06-03T14:30:00+00:00,434.9299999999997,439.8499999999997,434.7499999999997,439.1399999999997,8935.460890302067
2026-06-03T15:00:00+00:00,439.1399999999997,439.8599999999997,435.3999999999997,436.1499999999997,8753
2026-06-03T15:30:00+00:00,436.1499999999997,436.7199999999997,429.8899999999997,429.8899999999997,7906
2026-06-03T16:00:00+00:00,429.8899999999997,430.93999999999966,428.3899999999997,429.86999999999966,7616
2026-06-03T16:30:00+00:00,429.86999999999966,430.05999999999966,426.93999999999966,428.2899999999997,6841
2026-06-03T17:00:00+00:00,428.2899999999997,428.6099999999997,424.9499999999997,425.7299999999997,6198
2026-06-03T17:30:00+00:00,425.7299999999997,428.9699999999997,424.8399999999997,428.9199999999997,3179
2026-06-03T18:00:00+00:00,428.9199999999997,430.4199999999997,428.7899999999997,430.04999999999967,2671
2026-06-03T18:30:00+00:00,430.04999999999967,431.1699999999997,428.4499999999997,429.3299999999997,2700
2026-06-03T19:00:00+00:00,429.3299999999997,430.18999999999966,427.5199999999997,429.1599999999997,2646
2026-06-03T19:30:00+00:00,429.1599999999997,430.1599999999997,428.05999999999966,429.8499999999997,3828
2026-06-04T13:30:00+00:00,429.8499999999997,432.55999999999966,424.29999999999967,428.1599999999997,10988
2026-06-04T14:00:00+00:00,428.1599999999997,432.1099999999997,426.0899999999997,427.6099999999997,10568
2026-06-04T14:30:00+00:00,427.6099999999997,427.8599999999997,424.1999999999997,424.74999999999966,8014
2026-06-04T15:00:00+00:00,424.74999999999966,427.7799999999997,424.3899999999997,426.11999999999966,6946
2026-06-04T15:30:00+00:00,426.11999999999966,426.11999999999966,423.43999999999966,425.05999999999966,6228
2026-06-04T16:00:00+00:00,425.05999999999966,426.7599999999997,423.8399999999997,425.4499999999997,5389
2026-06-04T16:30:00+00:00,425.4499999999997,426.4499999999997,424.3399999999997,425.05999999999966,4088
2026-06-04T17:00:00+00:00,425.05999999999966,426.9699999999997,424.61999999999966,426.9599999999997,3869
2026-06-04T17:30:00+00:00,426.9599999999997,427.5199999999997,424.30999999999966,426.1399999999997,4451
2026-06-04T18:00:00+00:00,426.1399999999997,426.5999999999997,425.4799999999997,426.3599999999997,3653
2026-06-04T18:30:00+00:00,426.3599999999997,426.5999999999997,424.68999999999966,425.4599999999997,4294
2026-06-04T19:00:00+00:00,425.4599999999997,426.8499999999997,424.5899999999997,426.43999999999966,4449
2026-06-04T19:30:00+00:00,426.43999999999966,426.4799999999997,423.8399999999997,424.9699999999997,6373
2026-06-05T13:30:00+00:00,424.9699999999997,430.7699999999997,415.9499999999997,415.9499999999997,14324
2026-06-05T14:00:00+00:00,415.9499999999997,418.00999999999965,412.82999999999976,413.93999999999977,8626.595632529914
2026-06-05T14:30:00+00:00,413.93999999999977,416.0299999999998,410.1199999999998,410.32999999999976,8139.366371608547
2026-06-05T15:00:00+00:00,410.32999999999976,410.88999999999976,406.1599999999998,406.99999999999983,7704.33036247032
2026-06-05T15:30:00+00:00,406.99999999999983,407.4699999999998,404.7399999999998,405.6699999999998,8839
2026-06-05T16:00:00+00:00,405.6699999999998,405.7799999999998,402.8999999999998,403.3299999999998,9700
2026-06-05T16:30:00+00:00,403.3299999999998,403.4199999999998,400.4399999999998,402.0099999999998,10501
2026-06-05T17:00:00+00:00,402.0099999999998,402.0699999999998,399.2399999999998,399.7599999999998,10026
2026-06-05T17:30:00+00:00,399.7599999999998,401.5099999999998,399.2399999999998,400.42999999999984,8477
2026-06-05T18:00:00+00:00,400.42999999999984,400.5099999999998,395.7599999999998,395.9399999999998,9908
2026-06-05T18:30:00+00:00,395.9399999999998,396.7799999999998,395.0099999999998,395.99999999999983,10682
2026-06-05T19:00:00+00:00,395.99999999999983,396.3599999999998,392.9199999999998,395.92999999999984,11619
2026-06-05T19:30:00+00:00,395.92999999999984,397.7899999999998,393.9099999999998,395.42999999999984,12173
2026-06-08T13:30:00+00:00,395.42999999999984,406.6899999999998,395.42999999999984,405.2899999999998,8221
2026-06-08T14:00:00+00:00,405.2899999999998,407.7299999999998,404.5899999999998,407.2599999999998,6740
2026-06-08T14:30:00+00:00,407.2599999999998,408.6999999999998,406.5899999999998,408.1499999999998,5502
2026-06-08T15:00:00+00:00,408.1499999999998,408.5299999999998,405.1399999999998,405.1699999999998,4798
2026-06-08T15:30:00+00:00,405.1699999999998,407.4799999999998,403.7099999999998,406.3799999999998,5169
2026-06-08T16:00:00+00:00,406.3799999999998,410.6299999999998,406.05999999999983,409.2399999999998,4980
2026-06-08T16:30:00+00:00,409.2399999999998,411.7599999999998,408.8599999999998,411.2899999999998,4914
2026-06-08T17:00:00+00:00,411.2899999999998,415.0699999999998,410.3899999999998,415.0699999999998,5274
2026-06-08T17:30:00+00:00,415.0699999999998,416.1299999999998,413.3599999999998,414.2299999999998,5404
2026-06-08T18:00:00+00:00,414.2299999999998,416.4899999999998,414.2199999999998,416.1899999999998,4461
2026-06-08T18:30:00+00:00,416.1899999999998,417.2699999999998,415.7299999999998,416.1499999999998,4904
2026-06-08T19:00:00+00:00,416.1499999999998,416.3399999999998,413.0499999999998,413.8299999999998,4291
2026-06-08T19:30:00+00:00,413.8299999999998,414.92999999999984,411.9399999999998,413.4099999999998,5653
2026-06-09T13:30:00+00:00,413.4099999999998,422.7999999999998,413.4099999999998,415.74999999999983,10857
2026-06-09T14:00:00+00:00,415.74999999999983,418.1999999999998,409.9399999999998,411.7199999999998,11637
2026-06-09T14:30:00+00:00,411.7199999999998,413.0199999999998,405.9399999999998,407.1499999999998,10935
2026-06-09T15:00:00+00:00,407.1499999999998,407.2299999999998,398.2599999999998,398.4199999999998,6388
2026-06-09T15:30:00+00:00,398.4199999999998,400.5099999999998,396.0899999999998,396.4799999999998,10052
2026-06-09T16:00:00+00:00,396.4799999999998,398.1299999999998,391.4899999999998,393.2599999999998,9099
2026-06-09T16:30:00+00:00,393.2599999999998,394.4699999999998,388.5899999999998,392.4799999999998,13216
2026-06-09T17:00:00+00:00,392.4799999999998,397.4599999999998,391.9599999999998,396.9099999999998,11563
2026-06-09T17:30:00+00:00,396.9099999999998,400.3399999999998,396.4399999999998,399.7599999999998,10100
2026-06-09T18:00:00+00:00,399.7599999999998,401.0399999999998,399.1499999999998,400.5699999999998,9006
2026-06-09T18:30:00+00:00,400.5699999999998,401.9499999999998,399.0999999999998,401.3199999999998,8018
2026-06-09T19:00:00+00:00,401.3199999999998,401.8399999999998,398.7399999999998,400.1099999999998,10216
2026-06-09T19:30:00+00:00,400.1099999999998,401.4499999999998,398.36999999999983,400.6699999999998,11038
2026-06-10T13:30:00+00:00,400.6699999999998,401.2799999999998,395.4399999999998,396.36999999999983,9462
2026-06-10T14:00:00+00:00,396.36999999999983,397.6999999999998,393.24999999999983,395.2999999999998,8895
2026-06-10T14:30:00+00:00,395.2999999999998,395.5999999999998,389.0899999999998,389.6199999999998,9647.597070738548
2026-06-10T15:00:00+00:00,389.6199999999998,390.96999999999974,387.47999999999973,389.4299999999998,9833
2026-06-10T15:30:00+00:00,389.4299999999998,391.9299999999998,387.02999999999975,390.69999999999976,11015
2026-06-10T16:00:00+00:00,390.69999999999976,390.9899999999998,388.09999999999974,388.76999999999975,7956
2026-06-10T16:30:00+00:00,388.76999999999975,390.33999999999975,385.62999999999977,387.7499999999998,7878
2026-06-10T17:00:00+00:00,387.7499999999998,389.76999999999975,387.02999999999975,388.1799999999998,6882
2026-06-10T17:30:00+00:00,388.1799999999998,389.47999999999973,386.4299999999998,389.13999999999976,7578
2026-06-10T18:00:00+00:00,389.13999999999976,389.9299999999998,387.62999999999977,388.22999999999973,6625
2026-06-10T18:30:00+00:00,388.22999999999973,388.38999999999976,385.9299999999998,386.27999999999975,6797
2026-06-10T19:00:00+00:00,386.27999999999975,387.14999999999975,384.47999999999973,385.3699999999998,6912
2026-06-10T19:30:00+00:00,385.3699999999998,387.6199999999998,385.03999999999974,385.7999999999998,7991
2026-06-11T13:30:00+00:00,385.7999999999998,392.71999999999974,384.97999999999973,392.58999999999975,8720
2026-06-11T14:00:00+00:00,392.58999999999975,394.53999999999974,389.12999999999977,392.9899999999998,7821
2026-06-11T14:30:00+00:00,392.9899999999998,393.12999999999977,388.02999999999975,388.90999999999974,6421
2026-06-11T15:00:00+00:00,388.90999999999974,391.52999999999975,387.82999999999976,389.9999999999998,6377
2026-06-11T15:30:00+00:00,389.9999999999998,391.13999999999976,389.27999999999975,390.52999999999975,5415
2026-06-11T16:00:00+00:00,390.52999999999975,392.26999999999975,389.2499999999998,389.51999999999975,5235
2026-06-11T16:30:00+00:00,389.51999999999975,391.59999999999974,388.69999999999976,388.7499999999998,4685
2026-06-11T17:00:00+00:00,388.7499999999998,394.27999999999975,387.81999999999977,394.1799999999998,5516
2026-06-11T17:30:00+00:00,394.1799999999998,398.7399999999998,394.1699999999998,397.4999999999998,6755
2026-06-11T18:00:00+00:00,397.4999999999998,397.95999999999975,394.47999999999973,396.56999999999977,5802
2026-06-11T18:30:00+00:00,396.56999999999977,398.28999999999974,396.18999999999977,397.64999999999975,4249
2026-06-11T19:00:00+00:00,397.64999999999975,401.1199999999998,396.84999999999974,400.40999999999974,5437
2026-06-11T19:30:00+00:00,400.40999999999974,403.8099999999998,400.38999999999976,403.4299999999998,7788
2026-06-12T13:30:00+00:00,403.4299999999998,408.5599999999998,398.72999999999973,398.7399999999998,8983
2026-06-12T14:00:00+00:00,398.7399999999998,403.0599999999998,398.4899999999998,400.25999999999976,7243
2026-06-12T14:30:00+00:00,400.25999999999976,402.53999999999974,396.2399999999998,401.6199999999998,9022.530129720748
2026-06-12T15:00:00+00:00,401.6199999999998,404.6099999999998,400.3699999999998,404.1399999999998,5954
2026-06-12T15:30:00+00:00,404.1399999999998,404.1399999999998,392.93999999999977,393.5999999999998,7623
2026-06-12T16:00:00+00:00,393.5999999999998,400.6999999999998,391.1099999999998,399.2199999999998,8265
2026-06-12T16:30:00+00:00,399.2199999999998,403.62999999999977,398.8599999999998,403.4699999999998,5964
2026-06-12T17:00:00+00:00,403.4699999999998,409.5199999999998,403.1399999999998,406.25999999999976,6659
2026-06-12T17:30:00+00:00,406.25999999999976,407.7199999999998,404.4599999999998,407.56999999999977,5613
2026-06-12T18:00:00+00:00,407.56999999999977,408.5999999999998,404.87999999999977,405.5199999999998,5438
2026-06-12T18:30:00+00:00,405.5199999999998,406.8999999999998,404.2199999999998,405.5599999999998,4227
2026-06-12T19:00:00+00:00,405.5599999999998,408.00999999999976,405.5299999999998,407.31999999999977,4560
2026-06-12T19:30:00+00:00,407.31999999999977,411.0999999999998,406.00999999999976,410.9899999999998,6271
2026-06-15T13:30:00+00:00,410.9899999999998,419.31999999999977,410.9899999999998,415.43999999999977,9532
2026-06-15T14:00:00+00:00,415.43999999999977,417.3399999999998,414.06999999999977,415.6599999999998,6996
2026-06-15T14:30:00+00:00,415.6599999999998,416.3699999999998,412.43999999999977,414.75999999999976,5963
2026-06-15T15:00:00+00:00,414.75999999999976,415.2699999999998,411.4099999999998,414.1699999999998,5356
2026-06-15T15:30:00+00:00,414.1699999999998,415.5899999999998,412.6199999999998,413.1799999999998,4530
2026-06-15T16:00:00+00:00,413.1799999999998,415.9599999999998,412.7199999999998,415.7399999999998,4545
2026-06-15T16:30:00+00:00,415.7399999999998,416.5299999999998,412.4099999999998,413.12999999999977,4145
2026-06-15T17:00:00+00:00,413.12999999999977,414.9599999999998,413.06999999999977,413.7399999999998,3629
2026-06-15T17:30:00+00:00,413.7399999999998,416.2399999999998,413.7399999999998,415.4099999999998,4170
2026-06-15T18:00:00+00:00,415.4099999999998,415.68999999999977,414.1599999999998,414.37999999999977,3680
2026-06-15T18:30:00+00:00,414.37999999999977,415.4199999999998,413.7399999999998,413.8899999999998,3280
2026-06-15T19:00:00+00:00,413.8899999999998,415.00999999999976,413.4899999999998,414.00999999999976,3120
2026-06-15T19:30:00+00:00,414.00999999999976,415.5999999999998,412.2099999999998,415.5999999999998,4584
2026-06-16T13:30:00+00:00,415.5999999999998,416.7499999999998,404.8599999999998,413.9899999999998,8872
2026-06-16T14:00:00+00:00,413.9899999999998,414.6499999999998,406.4299999999998,407.3099999999998,6558
2026-06-16T14:30:00+00:00,407.3099999999998,412.5399999999998,405.56999999999977,411.06999999999977,7186
2026-06-16T15:00:00+00:00,411.06999999999977,416.00999999999976,408.8399999999998,409.4999999999998,6142
2026-06-16T15:30:00+00:00,409.4999999999998,411.6499999999998,409.1699999999998,410.2299999999998,5547
2026-06-16T16:00:00+00:00,410.2299999999998,411.8499999999998,409.1599999999998,409.50999999999976,4307
2026-06-16T16:30:00+00:00,409.50999999999976,409.5599999999998,407.9199999999998,409.43999999999977,4058
2026-06-16T17:00:00+00:00,409.43999999999977,409.7899999999998,408.25999999999976,408.9599999999998,3360
2026-06-16T17:30:00+00:00,408.9599999999998,409.8899999999998,407.4199999999998,409.2499999999998,3729
2026-06-16T18:00:00+00:00,409.2499999999998,410.2199999999998,409.0799999999998,409.8899999999998,2942
2026-06-16T18:30:00+00:00,409.8899999999998,410.2799999999998,408.6699999999998,409.4199999999998,3201
2026-06-16T19:00:00+00:00,409.4199999999998,411.3899999999998,408.6599999999998,411.3299999999998,4185
2026-06-16T19:30:00+00:00,411.3299999999998,411.5999999999998,407.8599999999998,408.8099999999998,6166
2026-06-17T13:30:00+00:00,408.8099999999998,408.8099999999998,402.6699999999998,402.8099999999998,11087
2026-06-17T14:00:00+00:00,402.8099999999998,407.2499999999998,402.1999999999998,406.0299999999998,10789
2026-06-17T14:30:00+00:00,406.0299999999998,406.1099999999998,401.9999999999998,403.9099999999998,10020.423630380074
2026-06-17T15:00:00+00:00,403.9099999999998,404.3499999999998,402.0299999999998,403.0899999999998,7895
2026-06-17T15:30:00+00:00,403.0899999999998,405.69999999999976,402.8999999999998,405.3699999999998,6342
2026-06-17T16:00:00+00:00,405.3699999999998,409.50999999999976,405.25999999999976,409.00999999999976,6716
2026-06-17T16:30:00+00:00,409.00999999999976,409.37999999999977,406.9999999999998,408.2099999999998,6262
2026-06-17T17:00:00+00:00,408.2099999999998,409.9099999999998,407.2899999999998,408.6499999999998,5924
2026-06-17T17:30:00+00:00,408.6499999999998,409.5499999999998,407.9299999999998,408.93999999999977,4714
2026-06-17T18:00:00+00:00,408.93999999999977,409.1099999999998,402.7099999999998,405.63999999999976,13284
2026-06-17T18:30:00+00:00,405.63999999999976,408.63999999999976,404.3099999999998,404.9999999999998,12528
2026-06-17T19:00:00+00:00,404.9999999999998,405.94999999999976,401.82999999999976,402.1599999999998,12580
2026-06-17T19:30:00+00:00,402.1599999999998,402.8099999999998,398.1499999999998,400.94999999999976,13453
2026-06-18T13:30:00+00:00,400.94999999999976,403.2499999999998,391.2099999999998,392.93999999999977,14990
2026-06-18T14:00:00+00:00,392.93999999999977,395.9999999999998,389.82999999999976,390.5599999999998,12874
2026-06-18T14:30:00+00:00,390.5599999999998,394.00999999999976,389.12999999999977,392.8099999999998,11051.848369419942
2026-06-18T15:00:00+00:00,392.8099999999998,395.4199999999998,392.32999999999976,394.00999999999976,9411
2026-06-18T15:30:00+00:00,394.00999999999976,395.87999999999977,391.84999999999974,395.32999999999976,9019
2026-06-18T16:00:00+00:00,395.32999999999976,397.84999999999974,394.95999999999975,396.56999999999977,7249
2026-06-18T16:30:00+00:00,396.56999999999977,398.4199999999998,396.06999999999977,398.02999999999975,6044
2026-06-18T17:00:00+00:00,398.02999999999975,400.00999999999976,397.01999999999975,399.58999999999975,6401
2026-06-18T17:30:00+00:00,399.58999999999975,401.57999999999976,399.51999999999975,400.06999999999977,5429
2026-06-18T18:00:00+00:00,400.06999999999977,400.56999999999977,398.63999999999976,398.65999999999974,5838
2026-06-18T18:30:00+00:00,398.65999999999974,400.0499999999998,398.46999999999974,398.9199999999998,4866
2026-06-18T19:00:00+00:00,398.9199999999998,400.77999999999975,398.1099999999998,400.19999999999976,5991
2026-06-18T19:30:00+00:00,400.19999999999976,406.9199999999998,399.9299999999998,404.68999999999977,8289
2026-06-22T13:30:00+00:00,404.68999999999977,411.15999999999974,398.6099999999998,411.1099999999998,13421
2026-06-22T14:00:00+00:00,411.1099999999998,419.08999999999975,410.52999999999975,414.14999999999975,15058
2026-06-22T14:30:00+00:00,414.14999999999975,415.13999999999976,406.01999999999975,408.9899999999998,14257
2026-06-22T15:00:00+00:00,408.9899999999998,415.9999999999998,408.6799999999998,414.20999999999975,12190
2026-06-22T15:30:00+00:00,414.20999999999975,415.38999999999976,412.14999999999975,412.25999999999976,9437
2026-06-22T16:00:00+00:00,412.25999999999976,413.76999999999975,410.70999999999975,411.58999999999975,8547
2026-06-22T16:30:00+00:00,411.58999999999975,412.8599999999998,410.9999999999998,412.59999999999974,6875
2026-06-22T17:00:00+00:00,412.59999999999974,413.9899999999998,410.57999999999976,411.46999999999974,5949
2026-06-22T17:30:00+00:00,411.46999999999974,413.8099999999998,410.00999999999976,412.06999999999977,5584
2026-06-22T18:00:00+00:00,412.06999999999977,412.84999999999974,411.2499999999998,411.4999999999998,4629
2026-06-22T18:30:00+00:00,411.4999999999998,412.6199999999998,410.18999999999977,410.26999999999975,5110
2026-06-22T19:00:00+00:00,410.26999999999975,411.8599999999998,407.45999999999975,410.56999999999977,7026
2026-06-22T19:30:00+00:00,410.56999999999977,411.5599999999998,408.89999999999975,409.5599999999998,6805
2026-06-23T13:30:00+00:00,409.5599999999998,409.5599999999998,391.3599999999998,393.64999999999975,14436
2026-06-23T14:00:00+00:00,393.64999999999975,394.56999999999977,390.5499999999998,392.44999999999976,13083
2026-06-23T14:30:00+00:00,392.44999999999976,394.01999999999975,389.40999999999974,390.5599999999998,11993
2026-06-23T15:00:00+00:00,390.5599999999998,390.8699999999998,387.6799999999998,387.95999999999975,10486
2026-06-23T15:30:00+00:00,387.95999999999975,388.96999999999974,386.4999999999998,387.7999999999998,9888
2026-06-23T16:00:00+00:00,387.7999999999998,390.02999999999975,387.71999999999974,387.8599999999998,7960
2026-06-23T16:30:00+00:00,387.8599999999998,390.01999999999975,386.81999999999977,389.58999999999975,7438
2026-06-23T17:00:00+00:00,389.58999999999975,390.09999999999974,388.3099999999998,389.58999999999975,6919
2026-06-23T17:30:00+00:00,389.58999999999975,390.2299999999998,385.62999999999977,385.64999999999975,6741
2026-06-23T18:00:00+00:00,385.64999999999975,386.82999999999976,384.9799999999998,385.90999999999974,6694
2026-06-23T18:30:00+00:00,385.90999999999974,386.20999999999975,383.4899999999998,384.1799999999998,7568
2026-06-23T19:00:00+00:00,384.1799999999998,386.5499999999998,383.9999999999998,386.0399999999998,9533
2026-06-23T19:30:00+00:00,386.0399999999998,387.01999999999975,384.96999999999974,385.76999999999975,9701
2026-06-24T13:30:00+00:00,385.76999999999975,388.9199999999998,383.0599999999998,385.7299999999998,7886
2026-06-24T14:00:00+00:00,385.7299999999998,387.2899999999998,383.94999999999976,386.4299999999998,8134
2026-06-24T14:30:00+00:00,386.4299999999998,387.9699999999998,384.0499999999998,387.87999999999977,7448.267456167333
2026-06-24T15:00:00+00:00,387.87999999999977,388.8599999999998,386.44999999999976,388.2699999999998,6672
2026-06-24T15:30:00+00:00,388.2699999999998,388.3999999999998,384.8299999999998,384.93999999999977,6096
2026-06-24T16:00:00+00:00,384.93999999999977,386.38999999999976,384.6199999999998,385.7999999999998,4854
2026-06-24T16:30:00+00:00,385.7999999999998,385.8099999999998,382.2999999999998,382.8999999999998,5612
2026-06-24T17:00:00+00:00,382.8999999999998,383.69999999999976,379.7199999999998,379.9299999999998,6241
2026-06-24T17:30:00+00:00,379.9299999999998,380.3099999999998,378.7099999999998,379.0199999999998,7511
2026-06-24T18:00:00+00:00,379.0199999999998,382.0199999999998,378.1499999999998,381.3999999999998,7299
2026-06-24T18:30:00+00:00,381.3999999999998,381.6799999999998,378.3999999999998,378.5199999999998,6761
2026-06-24T19:00:00+00:00,378.5199999999998,380.7799999999998,377.5399999999998,380.62999999999977,7138
2026-06-24T19:30:00+00:00,380.62999999999977,381.8499999999998,379.5499999999998,379.88999999999976,7280
2026-06-25T13:30:00+00:00,379.88999999999976,383.4799999999998,375.7399999999998,376.2299999999998,10138
2026-06-25T14:00:00+00:00,376.2299999999998,382.31999999999977,376.0499999999998,380.7699999999998,10062
2026-06-25T14:30:00+00:00,380.7699999999998,382.6199999999998,378.94999999999976,379.13999999999976,7187
2026-06-25T15:00:00+00:00,379.13999999999976,380.94999999999976,376.8399999999998,379.37999999999977,4851
2026-06-25T15:30:00+00:00,379.37999999999977,381.7999999999998,379.3399999999998,380.0499999999998,3614
2026-06-25T16:00:00+00:00,380.0499999999998,381.0599999999998,378.4999999999998,378.8399999999998,4788
2026-06-25T16:30:00+00:00,378.8399999999998,379.0799999999998,376.50999999999976,377.6599999999998,7282
2026-06-25T17:00:00+00:00,377.6599999999998,379.6799999999998,377.31999999999977,378.7999999999998,6222
2026-06-25T17:30:00+00:00,378.7999999999998,379.63999999999976,377.6499999999998,378.88999999999976,6365
2026-06-25T18:00:00+00:00,378.88999999999976,380.43999999999977,376.9899999999998,380.2799999999998,7347
2026-06-25T18:30:00+00:00,380.2799999999998,380.3999999999998,377.0399999999998,378.3499999999998,6562
2026-06-25T19:00:00+00:00,378.3499999999998,378.4699999999998,377.2499999999998,378.0299999999998,6525
2026-06-25T19:30:00+00:00,378.0299999999998,379.87999999999977,377.5399999999998,379.5199999999998,7160
2026-06-26T13:30:00+00:00,379.5199999999998,379.5199999999998,373.06999999999977,379.1699999999998,9337
2026-06-26T14:00:00+00:00,379.1699999999998,382.3599999999998,378.31999999999977,381.88999999999976,8142
2026-06-26T14:30:00+00:00,381.88999999999976,383.87999999999977,380.8299999999998,382.63999999999976,8529.929608540926
2026-06-26T15:00:00+00:00,382.63999999999976,389.5899999999998,382.62999999999977,389.3499999999998,8875
2026-06-26T15:30:00+00:00,389.3499999999998,392.25999999999976,388.69999999999976,389.38999999999976,9696
2026-06-26T16:00:00+00:00,389.38999999999976,390.0999999999998,386.7099999999998,387.4899999999998,8255
2026-06-26T16:30:00+00:00,387.4899999999998,390.5399999999998,387.4099999999998,389.8099999999998,6556
2026-06-26T17:00:00+00:00,389.8099999999998,391.8299999999998,389.3399999999998,390.13999999999976,5836
2026-06-26T17:30:00+00:00,390.13999999999976,390.9799999999998,388.8599999999998,389.0199999999998,5684
2026-06-26T18:00:00+00:00,389.0199999999998,389.4099999999998,387.0399999999998,387.0599999999998,6290
2026-06-26T18:30:00+00:00,387.0599999999998,387.93999999999977,383.4999999999998,384.2699999999998,7032
2026-06-26T19:00:00+00:00,384.2699999999998,385.3399999999998,383.9099999999998,384.2099999999998,6404
2026-06-26T19:30:00+00:00,384.2099999999998,387.3499999999998,383.00999999999976,383.8699999999998,8029
2026-06-29T13:30:00+00:00,383.8699999999998,398.3099999999998,383.7799999999998,396.18999999999977,9553
2026-06-29T14:00:00+00:00,396.18999999999977,401.0399999999998,393.6499999999998,400.0999999999998,9152
2026-06-29T14:30:00+00:00,400.0999999999998,402.81999999999977,398.93999999999977,402.0399999999998,7031
2026-06-29T15:00:00+00:00,402.0399999999998,402.7799999999998,399.69999999999976,402.2099999999998,4960
2026-06-29T15:30:00+00:00,402.2099999999998,405.25999999999976,402.06999999999977,405.0299999999998,5085
2026-06-29T16:00:00+00:00,405.0299999999998,408.7199999999998,405.00999999999976,408.4599999999998,4555
2026-06-29T16:30:00+00:00,408.4599999999998,409.3499999999998,406.4899999999998,408.06999999999977,4531
2026-06-29T17:00:00+00:00,408.06999999999977,413.4599999999998,407.7099999999998,413.2099999999998,4608
2026-06-29T17:30:00+00:00,413.2099999999998,415.13999999999976,412.75999999999976,413.44999999999976,4635
2026-06-29T18:00:00+00:00,413.44999999999976,414.06999999999977,412.68999999999977,413.4199999999998,3719
2026-06-29T18:30:00+00:00,413.4199999999998,415.3099999999998,412.9999999999998,414.75999999999976,3740
2026-06-29T19:00:00+00:00,414.75999999999976,417.5299999999998,413.12999999999977,416.37999999999977,4040
2026-06-29T19:30:00+00:00,416.37999999999977,417.69999999999976,415.4899999999998,416.4199999999998,5823
2026-06-30T13:30:00+00:00,416.4199999999998,416.9799999999998,410.3599999999998,416.3499999999998,8334
2026-06-30T14:00:00+00:00,416.3499999999998,420.6699999999998,415.38999999999976,419.4199999999998,6772
2026-06-30T14:30:00+00:00,419.4199999999998,420.3299999999998,417.7399999999998,418.5599999999998,4735
2026-06-30T15:00:00+00:00,418.5599999999998,420.75999999999976,417.0299999999998,419.8999999999998,4459
2026-06-30T15:30:00+00:00,419.8999999999998,422.0399999999998,419.7399999999998,420.13999999999976,4039
2026-06-30T16:00:00+00:00,420.13999999999976,421.8499999999998,419.5999999999998,420.93999999999977,2787
2026-06-30T16:30:00+00:00,420.93999999999977,423.1199999999998,420.8699999999998,422.3399999999998,2920
2026-06-30T17:00:00+00:00,422.3399999999998,423.9699999999998,422.1499999999998,422.62999999999977,2859
2026-06-30T17:30:00+00:00,422.62999999999977,422.7499999999998,420.5999999999998,421.9699999999998,2723
2026-06-30T18:00:00+00:00,421.9699999999998,424.0999999999998,421.8999999999998,423.37999999999977,2943
2026-06-30T18:30:00+00:00,423.37999999999977,426.5199999999998,422.7999999999998,426.4899999999998,3520
2026-06-30T19:00:00+00:00,426.4899999999998,428.9999999999998,425.7399999999998,427.93999999999977,4548
2026-06-30T19:30:00+00:00,427.93999999999977,428.2199999999998,424.7399999999998,425.0499999999998,5668
2026-07-01T13:30:00+00:00,425.0499999999998,429.5899999999998,422.62999999999977,427.13999999999976,9754
2026-07-01T14:00:00+00:00,427.13999999999976,432.1799999999998,427.13999999999976,431.50999999999976,7258
2026-07-01T14:30:00+00:00,431.50999999999976,433.44999999999976,428.5899999999998,430.3299999999998,7014.493508388038
2026-07-01T15:00:00+00:00,430.3299999999998,437.33999999999986,430.27999999999986,436.3199999999998,6654
2026-07-01T15:30:00+00:00,436.3199999999998,436.5799999999998,432.49999999999983,432.92999999999984,5341
2026-07-01T16:00:00+00:00,432.92999999999984,433.2599999999998,431.73999999999984,432.46999999999986,4098
2026-07-01T16:30:00+00:00,432.46999999999986,432.86999999999983,430.2099999999998,431.1299999999998,3766
2026-07-01T17:00:00+00:00,431.1299999999998,432.15999999999985,429.96999999999986,430.91999999999985,3868
2026-07-01T17:30:00+00:00,430.91999999999985,431.27999999999986,429.4599999999998,429.47999999999985,3558
2026-07-01T18:00:00+00:00,429.47999999999985,429.99999999999983,428.8199999999998,429.14999999999986,3175
2026-07-01T18:30:00+00:00,429.14999999999986,430.27999999999986,428.24999999999983,430.2699999999998,3328
2026-07-01T19:00:00+00:00,430.2699999999998,431.05999999999983,429.35999999999984,430.5099999999998,3868
2026-07-01T19:30:00+00:00,430.5099999999998,431.8299999999998,429.17999999999984,429.9399999999998,5235
2026-07-02T13:30:00+00:00,429.9399999999998,436.65999999999985,415.35999999999984,417.5099999999998,11857
2026-07-02T14:00:00+00:00,417.5099999999998,418.8299999999998,405.5799999999998,406.09999999999985,10776
2026-07-02T14:30:00+00:00,406.09999999999985,407.11999999999983,399.9499999999998,402.2799999999998,11235.47533890972
2026-07-02T15:00:00+00:00,402.2799999999998,402.7199999999998,398.73999999999984,401.3999999999998,10041
2026-07-02T15:30:00+00:00,401.3999999999998,405.2599999999998,401.2699999999998,402.7699999999998,7811
2026-07-02T16:00:00+00:00,402.7699999999998,403.0699999999998,397.2799999999998,397.35999999999984,7066
2026-07-02T16:30:00+00:00,397.35999999999984,397.7799999999998,394.7699999999998,395.24999999999983,6662
2026-07-02T17:00:00+00:00,395.24999999999983,396.6599999999998,394.5699999999998,395.3399999999998,6111
2026-07-02T17:30:00+00:00,395.3399999999998,396.59999999999985,394.3999999999998,395.85999999999984,5917
2026-07-02T18:00:00+00:00,395.85999999999984,398.8999999999998,395.80999999999983,398.23999999999984,5937
2026-07-02T18:30:00+00:00,398.23999999999984,398.7799999999998,395.48999999999984,396.66999999999985,5737
2026-07-02T19:00:00+00:00,396.66999999999985,396.84999999999985,393.8199999999998,395.6599999999998,5081
2026-07-02T19:30:00+00:00,395.6599999999998,398.6899999999998,395.4099999999998,397.4099999999998,5922
2026-07-06T13:30:00+00:00,397.4099999999998,407.4699999999998,395.0299999999998,406.0799999999998,9994
2026-07-06T14:00:00+00:00,406.0799999999998,411.1899999999998,405.3899999999998,409.6599999999998,7700
2026-07-06T14:30:00+00:00,409.6599999999998,412.66999999999985,407.8799999999998,412.0299999999998,6194
2026-07-06T15:00:00+00:00,412.0299999999998,416.1499999999998,412.0299999999998,415.8199999999998,6789
2026-07-06T15:30:00+00:00,415.8199999999998,419.03999999999985,415.5099999999998,418.5899999999998,5647
2026-07-06T16:00:00+00:00,418.5899999999998,422.80999999999983,418.3899999999998,421.10999999999984,6537
2026-07-06T16:30:00+00:00,421.10999999999984,423.34999999999985,420.11999999999983,422.5699999999998,6008
2026-07-06T17:00:00+00:00,422.5699999999998,424.0199999999998,421.10999999999984,421.11999999999983,5034
2026-07-06T17:30:00+00:00,421.11999999999983,421.2199999999998,418.5699999999998,418.98999999999984,5334
2026-07-06T18:00:00+00:00,418.98999999999984,422.0799999999998,418.6299999999998,422.0799999999998,4369
2026-07-06T18:30:00+00:00,422.0799999999998,422.23999999999984,420.6399999999998,420.80999999999983,3793
2026-07-06T19:00:00+00:00,420.80999999999983,422.7599999999998,420.4099999999998,421.67999999999984,4247
2026-07-06T19:30:00+00:00,421.67999999999984,424.49999999999983,420.8199999999998,424.28999999999985,5724
2026-07-07T13:30:00+00:00,424.28999999999985,424.28999999999985,415.53999999999985,417.4599999999998,10132
2026-07-07T14:00:00+00:00,417.4599999999998,420.35999999999984,411.3999999999998,413.66999999999985,9212
2026-07-07T14:30:00+00:00,413.66999999999985,414.6499999999998,412.0199999999998,413.1999999999998,7291
2026-07-07T15:00:00+00:00,413.1999999999998,413.80999999999983,409.91999999999985,410.7699999999998,5881
2026-07-07T15:30:00+00:00,410.7699999999998,411.84999999999985,408.9499999999998,411.5899999999998,5306
2026-07-07T16:00:00+00:00,411.5899999999998,412.4499999999998,411.04999999999984,411.78999999999985,4200
2026-07-07T16:30:00+00:00,411.78999999999985,414.5899999999998,411.2699999999998,413.5099999999998,4172
2026-07-07T17:00:00+00:00,413.5099999999998,413.73999999999984,410.30999999999983,411.42999999999984,4017
2026-07-07T17:30:00+00:00,411.42999999999984,412.67999999999984,410.67999999999984,412.6499999999998,3110
2026-07-07T18:00:00+00:00,412.6499999999998,412.8199999999998,410.5299999999998,410.9399999999998,3417
2026-07-07T18:30:00+00:00,410.9399999999998,411.05999999999983,407.7599999999998,408.1999999999998,4476
2026-07-07T19:00:00+00:00,408.1999999999998,408.85999999999984,406.3999999999998,407.49999999999983,4932
2026-07-07T19:30:00+00:00,407.49999999999983,409.60999999999984,406.5799999999998,407.5899999999998,5811
2026-07-08T13:30:00+00:00,407.5899999999998,407.5899999999998,398.2699999999998,400.24999999999983,14522
2026-07-08T14:00:00+00:00,400.24999999999983,402.03999999999985,397.91999999999985,399.8299999999998,13824
2026-07-08T14:30:00+00:00,399.8299999999998,400.0299999999998,396.41999999999985,397.09999999999985,11365.766397778365
2026-07-08T15:00:00+00:00,397.09999999999985,397.35999999999984,395.41999999999985,396.42999999999984,9622
2026-07-08T15:30:00+00:00,396.42999999999984,397.79999999999984,396.10999999999984,397.33999999999986,8573
2026-07-08T16:00:00+00:00,397.33999999999986,399.07999999999987,397.26999999999987,398.2499999999999,7635
2026-07-08T16:30:00+00:00,398.2499999999999,399.48999999999984,397.2599999999999,399.0699999999999,7051
2026-07-08T17:00:00+00:00,399.0699999999999,399.34999999999985,397.78999999999985,399.34999999999985,5158
2026-07-08T17:30:00+00:00,399.34999999999985,399.9399999999999,396.6299999999999,396.72999999999985,5700
2026-07-08T18:00:00+00:00,396.72999999999985,397.70999999999987,395.71999999999986,395.85999999999984,5800
2026-07-08T18:30:00+00:00,395.85999999999984,397.02999999999986,394.97999999999985,395.7499999999999,5703
2026-07-08T19:00:00+00:00,395.7499999999999,397.66999999999985,395.6399999999999,397.20999999999987,5119
2026-07-08T19:30:00+00:00,397.20999999999987,400.4999999999999,397.1399999999999,398.1399999999999,6306
2026-07-09T13:30:00+00:00,398.1399999999999,400.64999999999986,395.33999999999986,399.73999999999984,7296
2026-07-09T14:00:00+00:00,399.73999999999984,402.85999999999984,396.3799999999999,398.9499999999999,6482
2026-07-09T14:30:00+00:00,398.9499999999999,400.4499999999999,397.4999999999999,400.09999999999985,5149
2026-07-09T15:00:00+00:00,400.09999999999985,401.42999999999984,398.89999999999986,400.16999999999985,3613
2026-07-09T15:30:00+00:00,400.16999999999985,404.8899999999999,400.0599999999999,403.86999999999983,4327
2026-07-09T16:00:00+00:00,403.86999999999983,406.4399999999999,402.7499999999999,402.97999999999985,4077
2026-07-09T16:30:00+00:00,402.97999999999985,406.4999999999999,402.46999999999986,406.14999999999986,3106
2026-07-09T17:00:00+00:00,406.14999999999986,409.8799999999999,406.0699999999999,408.8799999999999,3851
2026-07-09T17:30:00+00:00,408.8799999999999,409.65999999999985,407.28999999999985,409.39999999999986,3811
2026-07-09T18:00:00+00:00,409.39999999999986,412.2599999999999,408.76999999999987,411.8199999999999,3571
2026-07-09T18:30:00+00:00,411.8199999999999,412.28999999999985,410.79999999999984,411.66999999999985,2868
2026-07-09T19:00:00+00:00,411.66999999999985,412.16999999999985,410.02999999999986,410.23999999999984,3102
2026-07-09T19:30:00+00:00,410.23999999999984,411.07999999999987,408.32999999999987,410.83999999999986,4365
2026-07-10T13:30:00+00:00,410.83999999999986,416.95999999999987,409.36999999999983,414.1899999999999,9397
2026-07-10T14:00:00+00:00,414.1899999999999,415.83999999999986,410.20999999999987,411.98999999999984,7020
2026-07-10T14:30:00+00:00,411.98999999999984,413.95999999999987,407.26999999999987,411.1999999999999,7580.770895971136
2026-07-10T15:00:00+00:00,411.1999999999999,414.2499999999999,410.28999999999985,414.01999999999987,5723
2026-07-10T15:30:00+00:00,414.01999999999987,415.0599999999999,411.22999999999985,413.8899999999999,5496
2026-07-10T16:00:00+00:00,413.8899999999999,416.5099999999999,413.8899999999999,415.0599999999999,4820
2026-07-10T16:30:00+00:00,415.0599999999999,417.64999999999986,415.0599999999999,416.70999999999987,3836
2026-07-10T17:00:00+00:00,416.70999999999987,416.90999999999985,412.77999999999986,414.64999999999986,4273
2026-07-10T17:30:00+00:00,414.64999999999986,414.79999999999984,412.76999999999987,413.15999999999985,3048
2026-07-10T18:00:00+00:00,413.15999999999985,415.64999999999986,413.04999999999984,413.4499999999999,3564
2026-07-10T18:30:00+00:00,413.4499999999999,414.16999999999985,412.32999999999987,412.96999999999986,3120
2026-07-10T19:00:00+00:00,412.96999999999986,414.3699999999999,412.8799999999999,413.40999999999985,2965
2026-07-10T19:30:00+00:00,413.40999999999985,414.95999999999987,411.67999999999984,412.3199999999999,3652
2026-07-13T13:30:00+00:00,412.3199999999999,412.3199999999999,398.60999999999984,399.96999999999986,12454
2026-07-13T14:00:00+00:00,399.96999999999986,402.27999999999986,397.2499999999999,402.2599999999999,11192
2026-07-13T14:30:00+00:00,402.2599999999999,403.77999999999986,401.8199999999999,402.1999999999999,7792
2026-07-13T15:00:00+00:00,402.1999999999999,403.64999999999986,400.77999999999986,401.72999999999985,6939
2026-07-13T15:30:00+00:00,401.72999999999985,402.65999999999985,399.3899999999999,399.9999999999999,5556
2026-07-13T16:00:00+00:00,399.9999999999999,400.5099999999999,398.09999999999985,398.6399999999999,5829
2026-07-13T16:30:00+00:00,398.6399999999999,398.85999999999984,397.3099999999999,398.17999999999984,6193
2026-07-13T17:00:00+00:00,398.17999999999984,399.5699999999999,397.53999999999985,397.8799999999999,4708
2026-07-13T17:30:00+00:00,397.8799999999999,398.65999999999985,397.02999999999986,397.58999999999986,4402
2026-07-13T18:00:00+00:00,397.58999999999986,398.20999999999987,397.07999999999987,397.10999999999984,4718
2026-07-13T18:30:00+00:00,397.10999999999984,397.95999999999987,396.67999999999984,397.03999999999985,4261
2026-07-13T19:00:00+00:00,397.03999999999985,397.46999999999986,395.8899999999999,396.3699999999999,3891
2026-07-13T19:30:00+00:00,396.3699999999999,399.42999999999984,396.34999999999985,399.20999999999987,5103
2026-07-14T13:30:00+00:00,399.20999999999987,404.76999999999987,399.20999999999987,402.73999999999984,11621
2026-07-14T14:00:00+00:00,402.73999999999984,403.70999999999987,401.70999999999987,402.04999999999984,10137
2026-07-14T14:30:00+00:00,402.04999999999984,403.9399999999999,401.20999999999987,403.42999999999984,7463
2026-07-14T15:00:00+00:00,403.42999999999984,406.64999999999986,402.6199999999999,404.1199999999999,7314
2026-07-14T15:30:00+00:00,404.1199999999999,404.33999999999986,400.28999999999985,400.98999999999984,6499
2026-07-14T16:00:00+00:00,400.98999999999984,401.32999999999987,400.1399999999999,401.0099999999999,5309
2026-07-14T16:30:00+00:00,401.0099999999999,402.66999999999985,399.92999999999984,399.9399999999999,4387
2026-07-14T17:00:00+00:00,399.9399999999999,400.6199999999999,399.28999999999985,399.9399999999999,3472
2026-07-14T17:30:00+00:00,399.9399999999999,400.64999999999986,399.4399999999999,400.27999999999986,2846
2026-07-14T18:00:00+00:00,400.27999999999986,401.39999999999986,399.92999999999984,400.91999999999985,3127
2026-07-14T18:30:00+00:00,400.91999999999985,401.53999999999985,399.92999999999984,401.22999999999985,3366
2026-07-14T19:00:00+00:00,401.22999999999985,401.83999999999986,400.73999999999984,401.1299999999999,3368
2026-07-14T19:30:00+00:00,401.1299999999999,401.54999999999984,399.7499999999999,400.66999999999985,4851
2026-07-15T13:30:00+00:00,400.66999999999985,411.07999999999987,400.66999999999985,402.91999999999985,9456
2026-07-15T14:00:00+00:00,402.91999999999985,404.89999999999986,397.72999999999985,402.15999999999985,6825
2026-07-15T14:30:00+00:00,402.15999999999985,403.2599999999999,399.33999999999986,400.5099999999999,5738.06073719187
2026-07-15T15:00:00+00:00,400.5099999999999,402.3499999999999,399.8499999999999,401.9499999999999,4821
2026-07-15T15:30:00+00:00,401.9499999999999,402.2699999999999,399.6499999999999,399.7299999999999,3951
2026-07-15T16:00:00+00:00,399.7299999999999,400.2999999999999,396.2399999999999,397.2099999999999,5134
2026-07-15T16:30:00+00:00,397.2099999999999,397.9999999999999,395.1999999999999,397.9699999999999,4157
2026-07-15T17:00:00+00:00,397.9699999999999,400.7899999999999,397.8799999999999,400.4399999999999,2945
2026-07-15T17:30:00+00:00,400.4399999999999,403.7799999999999,400.3499999999999,403.5099999999999,3779
2026-07-15T18:00:00+00:00,403.5099999999999,403.8999999999999,400.8799999999999,401.0799999999999,3056
2026-07-15T18:30:00+00:00,401.0799999999999,402.2999999999999,399.0999999999999,399.4299999999999,3072
2026-07-15T19:00:00+00:00,399.4299999999999,400.63999999999993,399.0999999999999,399.1699999999999,2441
2026-07-15T19:30:00+00:00,399.1699999999999,399.88999999999993,398.5499999999999,398.8099999999999,3511
2026-07-16T13:30:00+00:00,398.8099999999999,398.8099999999999,389.8499999999999,391.5399999999999,8132
2026-07-16T14:00:00+00:00,391.5399999999999,399.4199999999999,391.4199999999999,399.0799999999999,6571
2026-07-16T14:30:00+00:00,399.0799999999999,399.8199999999999,397.1099999999999,398.8099999999999,5648
2026-07-16T15:00:00+00:00,398.8099999999999,399.0299999999999,396.5599999999999,398.0599999999999,4548
2026-07-16T15:30:00+00:00,398.0599999999999,399.0999999999999,396.5499999999999,397.1799999999999,3395
2026-07-16T16:00:00+00:00,397.1799999999999,397.1899999999999,392.3499999999999,393.7499999999999,4431
2026-07-16T16:30:00+00:00,393.7499999999999,394.0699999999999,392.4499999999999,393.4899999999999,2769
2026-07-16T17:00:00+00:00,393.4899999999999,393.6699999999999,391.7599999999999,393.5199999999999,2648
2026-07-16T17:30:00+00:00,393.5199999999999,393.8999999999999,391.3799999999999,393.4199999999999,3026
2026-07-16T18:00:00+00:00,393.4199999999999,395.6999999999999,393.0999999999999,395.0499999999999,2921
2026-07-16T18:30:00+00:00,395.0499999999999,395.5699999999999,393.6799999999999,394.9499999999999,2674
2026-07-16T19:00:00+00:00,394.9499999999999,395.8199999999999,394.2799999999999,394.7999999999999,2628
2026-07-16T19:30:00+00:00,394.7999999999999,396.2199999999999,393.8799999999999,395.6299999999999,4184
2026-07-17T13:30:00+00:00,395.6299999999999,395.6299999999999,381.7699999999999,385.8099999999999,11924
2026-07-17T14:00:00+00:00,385.8099999999999,387.6899999999999,385.2999999999999,385.4799999999999,8546
2026-07-17T14:30:00+00:00,385.4799999999999,386.4199999999999,383.0499999999999,384.6899999999999,7607
2026-07-17T15:00:00+00:00,384.6899999999999,385.3799999999999,383.5899999999999,385.1299999999999,6675
2026-07-17T15:30:00+00:00,385.1299999999999,387.3599999999999,383.3499999999999,386.9599999999999,7559
2026-07-17T16:00:00+00:00,386.9599999999999,388.7399999999999,386.13999999999993,387.0499999999999,6376
2026-07-17T16:30:00+00:00,387.0499999999999,389.6599999999999,386.5599999999999,388.5899999999999,5665
2026-07-17T17:00:00+00:00,388.5899999999999,390.1699999999999,388.5699999999999,389.0199999999999,4313
2026-07-17T17:30:00+00:00,389.0199999999999,389.2499999999999,386.3299999999999,386.8199999999999,4491
2026-07-17T18:00:00+00:00,386.8199999999999,387.2599999999999,385.7699999999999,386.1799999999999,4149
2026-07-17T18:30:00+00:00,386.1799999999999,386.7299999999999,385.1199999999999,386.2699999999999,3813
2026-07-17T19:00:00+00:00,386.2699999999999,386.9799999999999,385.4499999999999,386.9199999999999,4010
2026-07-17T19:30:00+00:00,386.9199999999999,387.7099999999999,385.0499999999999,385.3099999999999,6442
2026-07-20T13:30:00+00:00,385.3099999999999,385.41999999999985,374.7599999999999,374.9999999999999,11343
2026-07-20T14:00:00+00:00,374.9999999999999,376.27999999999986,373.09999999999985,374.22999999999985,8400
2026-07-20T14:30:00+00:00,374.22999999999985,374.79999999999984,372.29999999999984,372.6999999999999,5504
2026-07-20T15:00:00+00:00,372.6999999999999,374.02999999999986,372.32999999999987,373.29999999999984,4273
2026-07-20T15:30:00+00:00,373.29999999999984,373.4399999999999,371.03999999999985,373.3199999999999,4295
2026-07-20T16:00:00+00:00,373.3199999999999,376.10999999999984,372.91999999999985,374.6399999999999,4123
2026-07-20T16:30:00+00:00,374.6399999999999,374.89999999999986,371.8099999999999,372.1999999999999,4535
2026-07-20T17:00:00+00:00,372.1999999999999,372.52999999999986,371.40999999999985,371.51999999999987,3649
2026-07-20T17:30:00+00:00,371.51999999999987,372.89999999999986,370.14999999999986,372.4499999999999,4278
2026-07-20T18:00:00+00:00,372.4499999999999,373.9399999999999,371.90999999999985,371.90999999999985,3316
2026-07-20T18:30:00+00:00,371.90999999999985,372.08999999999986,369.9499999999999,370.6299999999999,3845
2026-07-20T19:00:00+00:00,370.6299999999999,370.6799999999999,368.9499999999999,370.29999999999984,3382
2026-07-20T19:30:00+00:00,370.29999999999984,371.21999999999986,368.76999999999987,368.9899999999999,4752
2026-07-21T13:30:00+00:00,368.9899999999999,376.9899999999999,368.9899999999999,376.90999999999985,6607
2026-07-21T14:00:00+00:00,376.90999999999985,382.66999999999985,376.6899999999999,381.9399999999999,5321
2026-07-21T14:30:00+00:00,381.9399999999999,383.39999999999986,380.59999999999985,382.1199999999999,4300
2026-07-21T15:00:00+00:00,382.1199999999999,382.3099999999999,380.3199999999999,381.2599999999999,3431
2026-07-21T15:30:00+00:00,381.2599999999999,381.72999999999985,379.82999999999987,380.33999999999986,2732
2026-07-21T16:00:00+00:00,380.33999999999986,381.39999999999986,380.09999999999985,380.6899999999999,2023
2026-07-21T16:30:00+00:00,380.6899999999999,381.02999999999986,379.71999999999986,380.0599999999999,1875
2026-07-21T17:00:00+00:00,380.0599999999999,380.5599999999999,378.51999999999987,378.8099999999999,2105
2026-07-21T17:30:00+00:00,378.8099999999999,379.79999999999984,378.5099999999999,378.84999999999985,1936
2026-07-21T18:00:00+00:00,378.84999999999985,380.0599999999999,378.83999999999986,379.41999999999985,1964
2026-07-21T18:30:00+00:00,379.41999999999985,379.57999999999987,377.6199999999999,377.6799999999999,1796
2026-07-21T19:00:00+00:00,377.6799999999999,377.7499999999999,376.27999999999986,376.27999999999986,1965
2026-07-21T19:30:00+00:00,376.27999999999986,378.84999999999985,376.0699999999999,378.4299999999999,3123
2026-07-22T13:30:00+00:00,378.4299999999999,379.4999999999999,373.96999999999986,378.8799999999999,8058
2026-07-22T14:00:00+00:00,378.8799999999999,379.4399999999999,375.5099999999999,376.79999999999984,6395
2026-07-22T14:30:00+00:00,376.79999999999984,377.2599999999999,375.65999999999985,376.45999999999987,4568
2026-07-22T15:00:00+00:00,376.45999999999987,378.01999999999987,375.89999999999986,377.29999999999984,3121
2026-07-22T15:30:00+00:00,377.29999999999984,378.2499999999999,376.3099999999999,377.57999999999987,2755
2026-07-22T16:00:00+00:00,377.57999999999987,377.97999999999985,375.6199999999999,376.6899999999999,2657
2026-07-22T16:30:00+00:00,376.6899999999999,377.3199999999999,376.14999999999986,377.27999999999986,2450
2026-07-22T17:00:00+00:00,377.27999999999986,377.65999999999985,376.5099999999999,376.52999999999986,2144
2026-07-22T17:30:00+00:00,376.52999999999986,376.70999999999987,375.0099999999999,375.27999999999986,2489
2026-07-22T18:00:00+00:00,375.27999999999986,375.72999999999985,374.54999999999984,375.14999999999986,2357
2026-07-22T18:30:00+00:00,375.14999999999986,375.3799999999999,374.3799999999999,374.6799999999999,2517
2026-07-22T19:00:00+00:00,374.6799999999999,375.04999999999984,373.1299999999999,374.1399999999999,2516
2026-07-22T19:30:00+00:00,374.1399999999999,374.5599999999999,372.2599999999999,373.53999999999985,3766
2026-07-23T13:30:00+00:00,373.53999999999985,373.53999999999985,325.60999999999984,326.09999999999985,12805
2026-07-23T14:00:00+00:00,326.09999999999985,328.34999999999985,322.2499999999999,323.15999999999985,11182
2026-07-23T14:30:00+00:00,323.15999999999985,324.97999999999985,320.96999999999986,322.72999999999985,8798
2026-07-23T15:00:00+00:00,322.72999999999985,322.7499999999999,317.9499999999999,318.83999999999986,7364
2026-07-23T15:30:00+00:00,318.83999999999986,324.15999999999985,318.82999999999987,323.9299999999999,7142
2026-07-23T16:00:00+00:00,323.9299999999999,325.6999999999999,323.46999999999986,324.40999999999985,6123
2026-07-23T16:30:00+00:00,324.40999999999985,324.91999999999985,320.22999999999985,321.4999999999999,5464
2026-07-23T17:00:00+00:00,321.4999999999999,322.79999999999984,320.9499999999999,321.04999999999984,4577
2026-07-23T17:30:00+00:00,321.04999999999984,321.9899999999999,319.8099999999999,320.60999999999984,4716
2026-07-23T18:00:00+00:00,320.60999999999984,320.7599999999999,319.79999999999984,320.57999999999987,4363
2026-07-23T18:30:00+00:00,320.57999999999987,321.47999999999985,319.4999999999999,320.66999999999985,5481
2026-07-23T19:00:00+00:00,320.66999999999985,321.1899999999999,318.97999999999985,319.16999999999985,5172
2026-07-23T19:30:00+00:00,319.16999999999985,322.7499999999999,315.1399999999999,318.82999999999987,9645
2026-07-24T13:30:00+00:00,318.82999999999987,322.1799999999999,313.66999999999985,314.70999999999987,10489
2026-07-24T14:00:00+00:00,314.70999999999987,316.32999999999987,311.4499999999999,311.83999999999986,9224
2026-07-24T14:30:00+00:00,311.83999999999986,312.3699999999999,307.8799999999999,311.76999999999987,8944
2026-07-24T15:00:00+00:00,311.76999999999987,311.9399999999999,307.6999999999999,309.6799999999999,9027
2026-07-24T15:30:00+00:00,309.6799999999999,310.83999999999986,309.09999999999985,310.29999999999984,5916
2026-07-24T16:00:00+00:00,310.29999999999984,311.33999999999986,309.02999999999986,309.85999999999984,5318
2026-07-24T16:30:00+00:00,309.85999999999984,310.6299999999999,308.57999999999987,308.58999999999986,4695
2026-07-24T17:00:00+00:00,308.58999999999986,309.08999999999986,307.39999999999986,308.7599999999999,4639
2026-07-24T17:30:00+00:00,308.7599999999999,309.34999999999985,307.39999999999986,308.89999999999986,3972
2026-07-24T18:00:00+00:00,308.89999999999986,309.14999999999986,306.6999999999999,306.71999999999986,4839
2026-07-24T18:30:00+00:00,306.71999999999986,309.29999999999984,305.90999999999985,308.72999999999985,5890
2026-07-24T19:00:00+00:00,308.72999999999985,309.22999999999985,307.4499999999999,308.6899999999999,5508
2026-07-24T19:30:00+00:00,308.6899999999999,312.5699999999999,308.60999999999984,312.10999999999984,7690
2026-07-27T13:30:00+00:00,312.10999999999984,316.3099999999999,308.1799999999999,308.41999999999985,11156
2026-07-27T14:00:00+00:00,308.41999999999985,309.54999999999984,306.27999999999986,306.29999999999984,9923
2026-07-27T14:30:00+00:00,306.29999999999984,308.51999999999987,303.6899999999999,308.10999999999984,8349
2026-07-27T15:00:00+00:00,308.10999999999984,310.03999999999985,306.97999999999985,307.90999999999985,7099
2026-07-27T15:30:00+00:00,307.90999999999985,308.5099999999999,306.39999999999986,308.04999999999984,5596
2026-07-27T16:00:00+00:00,308.04999999999984,309.72999999999985,306.71999999999986,308.64999999999986,6089
2026-07-27T16:30:00+00:00,308.64999999999986,309.65999999999985,306.64999999999986,307.16999999999985,4890
2026-07-27T17:00:00+00:00,307.16999999999985,307.2499999999999,306.08999999999986,306.78999999999985,4385
2026-07-27T17:30:00+00:00,306.78999999999985,308.01999999999987,306.59999999999985,307.72999999999985,3610.7179833066352
2026-07-27T18:00:00+00:00,307.72999999999985,308.3099999999999,304.5399999999999,305.4899999999999,2768.754855001007
2026-07-27T18:30:00+00:00,305.4899999999999,306.70999999999987,304.4199999999999,306.57999999999987,4187
2026-07-27T19:00:00+00:00,306.57999999999987,307.6899999999999,306.1199999999999,307.2999999999999,3447
2026-07-27T19:30:00+00:00,307.2999999999999,308.3199999999999,306.33999999999986,307.9899999999999,4409
2026-07-28T13:30:00+00:00,307.9899999999999,307.9899999999999,301.3899999999999,302.5099999999999,13920
2026-07-28T14:00:00+00:00,302.5099999999999,304.1199999999999,299.70999999999987,301.4799999999999,13828
2026-07-28T14:30:00+00:00,301.4799999999999,304.5699999999999,300.20999999999987,302.9999999999999,8676
2026-07-28T15:00:00+00:00,302.9999999999999,305.6099999999999,302.8499999999999,305.20999999999987,6396
2026-07-28T15:30:00+00:00,305.20999999999987,308.65999999999985,305.0099999999999,308.6399999999999,3761
2026-07-28T16:00:00+00:00,308.6399999999999,310.08999999999986,304.90999999999985,305.5099999999999,4176
2026-07-28T16:30:00+00:00,305.5099999999999,307.0099999999999,305.1199999999999,306.5499999999999,2784
2026-07-28T17:00:00+00:00,306.5499999999999,306.76999999999987,305.3099999999999,306.1699999999999,2883
2026-07-28T17:30:00+00:00,306.1699999999999,306.6199999999999,305.1199999999999,306.0999999999999,2693
2026-07-28T18:00:00+00:00,306.0999999999999,306.40999999999985,304.77999999999986,305.76999999999987,2525
2026-07-28T18:30:00+00:00,305.76999999999987,306.51999999999987,304.8499999999999,305.5099999999999,2710
2026-07-28T19:00:00+00:00,305.5099999999999,305.9799999999999,304.5699999999999,305.6699999999999,2132
2026-07-28T19:30:00+00:00,305.6699999999999,306.4399999999999,304.02999999999986,306.27999999999986,3276
2026-07-29T13:30:00+00:00,306.27999999999986,307.6699999999999,302.8099999999999,304.45999999999987,11882
2026-07-29T14:00:00+00:00,304.45999999999987,305.3899999999999,301.5699999999999,302.27999999999986,12075
2026-07-29T14:30:00+00:00,302.27999999999986,303.4199999999999,300.96999999999986,301.8099999999999,7538
2026-07-29T15:00:00+00:00,301.8099999999999,302.2599999999999,300.71999999999986,301.57999999999987,7146
2026-07-29T15:30:00+00:00,301.57999999999987,302.5999999999999,299.5699999999999,300.46999999999986,5983
2026-07-29T16:00:00+00:00,300.46999999999986,300.8599999999999,298.70999999999987,299.8699999999999,5576
2026-07-29T16:30:00+00:00,299.8699999999999,301.26999999999987,299.7299999999999,301.14999999999986,4885
2026-07-29T17:00:00+00:00,301.14999999999986,303.1399999999999,301.01999999999987,301.40999999999985,4951
2026-07-29T17:30:00+00:00,301.40999999999985,302.27999999999986,300.8599999999999,302.0099999999999,3916
2026-07-29T18:00:00+00:00,302.0099999999999,304.4799999999999,301.20999999999987,301.6099999999999,8529
2026-07-29T18:30:00+00:00,301.6099999999999,306.3899999999999,300.6899999999999,306.1199999999999,9699
2026-07-29T19:00:00+00:00,306.1199999999999,306.8899999999999,300.32999999999987,300.95999999999987,10174
2026-07-29T19:30:00+00:00,300.95999999999987,301.5499999999999,296.3599999999999,297.2999999999999,10926
2026-07-30T13:30:00+00:00,297.2999999999999,306.7599999999999,297.2999999999999,306.0599999999999,14128
2026-07-30T14:00:00+00:00,306.0599999999999,307.9899999999999,304.21999999999986,307.8599999999999,11224
2026-07-30T14:30:00+00:00,307.8599999999999,307.9799999999999,302.8099999999999,303.7299999999999,7065
2026-07-30T15:00:00+00:00,303.7299999999999,305.4499999999999,302.52999999999986,303.4499999999999,7380
2026-07-30T15:30:00+00:00,303.4499999999999,305.4799999999999,303.3699999999999,304.20999999999987,5013
2026-07-30T16:00:00+00:00,304.20999999999987,306.4299999999999,303.90999999999985,305.89999999999986,4587
2026-07-30T16:30:00+00:00,305.89999999999986,306.0699999999999,303.5099999999999,305.15999999999985,4650
2026-07-30T17:00:00+00:00,305.15999999999985,306.3799999999999,304.40999999999985,305.8199999999999,4148
2026-07-30T17:30:00+00:00,305.8199999999999,306.9999999999999,305.6999999999999,306.6199999999999,3676
2026-07-30T18:00:00+00:00,306.6199999999999,306.96999999999986,305.7499999999999,306.5399999999999,2917
2026-07-30T18:30:00+00:00,306.5399999999999,307.1699999999999,306.01999999999987,307.0399999999999,3162
2026-07-30T19:00:00+00:00,307.0399999999999,309.39999999999986,307.0099999999999,308.8099999999999,3644
2026-07-30T19:30:00+00:00,308.8099999999999,309.83999999999986,307.15999999999985,307.8699999999999,4828
2026-07-31T13:30:00+00:00,307.8699999999999,314.3899999999999,304.77999999999986,305.39999999999986,10759
2026-07-31T14:00:00+00:00,305.39999999999986,305.5699999999999,300.96999999999986,303.3499999999999,9993
2026-07-31T14:30:00+00:00,303.3499999999999,309.1299999999999,303.1699999999999,307.4399999999999,7231
2026-07-31T15:00:00+00:00,307.4399999999999,307.9799999999999,304.4799999999999,304.6999999999999,6004
2026-07-31T15:30:00+00:00,304.6999999999999,306.9199999999999,304.3699999999999,306.52999999999986,5660
2026-07-31T16:00:00+00:00,306.52999999999986,308.3099999999999,306.15999999999985,308.2499999999999,4332
2026-07-31T16:30:00+00:00,308.2499999999999,309.1799999999999,307.6899999999999,308.70999999999987,3818
2026-07-31T17:00:00+00:00,308.70999999999987,310.0099999999999,308.5099999999999,309.52999999999986,3687
2026-07-31T17:30:00+00:00,309.52999999999986,310.4899999999999,308.8099999999999,310.0599999999999,3097
2026-07-31T18:00:00+00:00,310.0599999999999,311.1199999999999,309.6899999999999,309.7399999999999,3224
2026-07-31T18:30:00+00:00,309.7399999999999,310.4999999999999,309.0599999999999,309.8699999999999,2724
2026-07-31T19:00:00+00:00,309.8699999999999,310.08999999999986,308.6799999999999,309.4299999999999,2509
2026-07-31T19:30:00+00:00,309.4299999999999,312.1699999999999,308.8099999999999,310.32999999999987,4014
2026-08-03T13:30:00+00:00,310.32999999999987,318.27999999999986,308.3499999999999,317.6899999999999,12344
2026-08-03T14:00:00+00:00,317.6899999999999,318.2999999999999,315.83999999999986,317.70999999999987,7221
2026-08-03T14:30:00+00:00,317.70999999999987,321.26999999999987,316.45999999999987,321.2299999999999,5400
2026-08-03T15:00:00+00:00,321.2299999999999,323.1699999999999,320.5099999999999,322.0599999999999,5438
2026-08-03T15:30:00+00:00,322.0599999999999,323.08999999999986,321.51999999999987,322.3499999999999,4277
2026-08-03T16:00:00+00:00,322.3499999999999,323.0599999999999,320.83999999999986,321.0699999999999,3792
2026-08-03T16:30:00+00:00,321.0699999999999,321.3699999999999,318.83999999999986,318.95999999999987,3784
2026-08-03T17:00:00+00:00,318.95999999999987,321.1899999999999,318.3599999999999,321.1399999999999,3614
2026-08-03T17:30:00+00:00,321.1399999999999,321.9799999999999,320.89999999999986,321.2399999999999,2996
2026-08-03T18:00:00+00:00,321.2399999999999,322.02999999999986,320.32999999999987,320.4199999999999,3254
2026-08-03T18:30:00+00:00,320.4199999999999,322.8199999999999,320.02999999999986,322.45999999999987,3379
2026-08-03T19:00:00+00:00,322.45999999999987,323.58999999999986,321.3799999999999,321.71999999999986,3077
2026-08-03T19:30:00+00:00,321.71999999999986,322.1899999999999,320.1999999999999,321.1299999999999,3754
2026-08-04T13:30:00+00:00,321.1299999999999,325.76999999999987,320.02999999999986,320.76999999999987,7965
2026-08-04T14:00:00+00:00,320.76999999999987,324.39999999999986,319.7899999999999,322.6199999999999,5073
2026-08-04T14:30:00+00:00,322.6199999999999,323.3799999999999,321.6099999999999,322.9799999999999,3802
2026-08-04T15:00:00+00:00,322.9799999999999,324.01999999999987,322.7599999999999,322.9199999999999,3580
2026-08-04T15:30:00+00:00,322.9199999999999,323.8899999999999,321.8699999999999,323.1899999999999,3978
2026-08-04T16:00:00+00:00,323.1899999999999,324.7499999999999,323.15999999999985,323.5499999999999,4174
2026-08-04T16:30:00+00:00,323.5499999999999,324.2299999999999,323.3099999999999,324.1699999999999,3097
2026-08-04T17:00:00+00:00,324.1699999999999,326.4199999999999,324.15999999999985,326.01999999999987,3699
2026-08-04T17:30:00+00:00,326.01999999999987,326.1899999999999,324.33999999999986,324.52999999999986,3312
2026-08-04T18:00:00+00:00,324.52999999999986,325.6999999999999,324.0399999999999,325.45999999999987,3402
2026-08-04T18:30:00+00:00,325.45999999999987,327.7899999999999,325.4399999999999,327.0599999999999,3673
2026-08-04T19:00:00+00:00,327.0599999999999,328.5499999999999,326.5099999999999,326.7299999999999,3684
2026-08-04T19:30:00+00:00,326.7299999999999,327.4999999999999,325.6099999999999,326.6299999999999,5021
2026-08-05T13:30:00+00:00,326.6299999999999,326.6299999999999,319.4299999999999,324.6999999999999,10131
2026-08-05T14:00:00+00:00,324.6999999999999,326.0699999999999,322.8799999999999,323.0399999999999,8025
2026-08-05T14:30:00+00:00,323.0399999999999,323.7899999999999,321.3099999999999,321.9199999999999,7506
2026-08-05T15:00:00+00:00,321.9199999999999,322.96999999999986,320.01999999999987,321.2299999999999,6771
2026-08-05T15:30:00+00:00,321.2299999999999,322.5499999999999,320.6299999999999,320.8099999999999,5913
2026-08-05T16:00:00+00:00,320.8099999999999,322.76999999999987,320.65999999999985,322.58999999999986,5440
2026-08-05T16:30:00+00:00,322.58999999999986,323.3799999999999,321.6299999999999,322.5699999999999,4528
2026-08-05T17:00:00+00:00,322.5699999999999,322.9799999999999,321.9299999999999,322.0099999999999,4031
2026-08-05T17:30:00+00:00,322.0099999999999,322.5599999999999,320.95999999999987,321.1899999999999,3836
2026-08-05T18:00:00+00:00,321.1899999999999,321.8599999999999,320.8099999999999,320.9799999999999,3292
2026-08-05T18:30:00+00:00,320.9799999999999,320.9899999999999,319.2999999999999,319.52999999999986,3837
2026-08-05T19:00:00+00:00,319.52999999999986,322.0099999999999,319.3099999999999,321.71999999999986,3477
2026-08-05T19:30:00+00:00,321.71999999999986,321.8099999999999,320.0099999999999,320.6199999999999,5804
2026-08-06T13:30:00+00:00,320.6199999999999,320.6199999999999,314.7199999999999,319.4099999999999,9390
2026-08-06T14:00:00+00:00,319.4099999999999,321.0399999999999,318.4099999999999,319.9199999999999,8587
2026-08-06T14:30:00+00:00,319.9199999999999,321.3199999999999,318.1999999999999,321.1199999999999,7679
2026-08-06T15:00:00+00:00,321.1199999999999,322.07999999999987,319.8799999999999,320.83999999999986,6997
2026-08-06T15:30:00+00:00,320.83999999999986,321.39999999999986,318.6099999999999,318.83999999999986,6160
2026-08-06T16:00:00+00:00,318.83999999999986,319.0499999999999,317.4699999999999,317.6899999999999,6392
2026-08-06T16:30:00+00:00,317.6899999999999,318.4799999999999,317.2899999999999,318.1199999999999,5070
2026-08-06T17:00:00+00:00,318.1199999999999,318.5699999999999,316.8899999999999,316.9999999999999,4729
2026-08-06T17:30:00+00:00,316.9999999999999,317.6599999999999,316.4499999999999,317.4799999999999,4263
2026-08-06T18:00:00+00:00,317.4799999999999,318.33999999999986,316.9699999999999,317.6899999999999,4162
2026-08-06T18:30:00+00:00,317.6899999999999,318.0999999999999,317.3699999999999,317.8899999999999,3589
2026-08-06T19:00:00+00:00,317.8899999999999,318.9699999999999,317.7599999999999,317.9399999999999,4044
2026-08-06T19:30:00+00:00,317.9399999999999,319.2399999999999,317.4899999999999,318.8099999999999,5672
2026-08-07T13:30:00+00:00,318.8099999999999,328.0399999999999,318.8099999999999,325.7499999999999,8208
2026-08-07T14:00:00+00:00,325.7499999999999,327.5699999999999,321.9899999999999,326.33999999999986,6562
2026-08-07T14:30:00+00:00,326.33999999999986,329.8499999999999,325.9299999999999,329.1599999999999,8181
2026-08-07T15:00:00+00:00,329.1599999999999,332.4899999999999,328.5399999999999,332.39999999999986,6394
2026-08-07T15:30:00+00:00,332.39999999999986,332.8799999999999,330.4199999999999,330.64999999999986,5414
2026-08-07T16:00:00+00:00,330.64999999999986,331.4099999999999,327.4999999999999,328.01999999999987,4843
2026-08-07T16:30:00+00:00,328.01999999999987,328.8099999999999,326.8899999999999,327.07999999999987,4418
2026-08-07T17:00:00+00:00,327.07999999999987,327.20999999999987,325.6999999999999,326.1699999999999,3606
2026-08-07T17:30:00+00:00,326.1699999999999,326.9899999999999,325.8799999999999,326.2999999999999,3083
2026-08-07T18:00:00+00:00,326.2999999999999,327.2299999999999,325.89999999999986,326.1699999999999,3064
2026-08-07T18:30:00+00:00,326.1699999999999,326.8499999999999,325.9499999999999,326.62999999999994,2691
2026-08-07T19:00:00+00:00,326.62999999999994,328.3599999999999,326.5899999999999,327.5199999999999,3087
2026-08-07T19:30:00+00:00,327.5199999999999,328.0399999999999,325.9799999999999,327.8499999999999,4246
2026-08-10T13:30:00+00:00,327.8499999999999,329.4299999999999,325.2099999999999,328.37999999999994,8464
2026-08-10T14:00:00+00:00,328.37999999999994,331.0499999999999,328.0599999999999,330.7299999999999,5725
2026-08-10T14:30:00+00:00,330.7299999999999,331.12999999999994,328.2099999999999,328.5499999999999,4941
2026-08-10T15:00:00+00:00,328.5499999999999,329.5599999999999,327.8599999999999,329.2299999999999,4006
2026-08-10T15:30:00+00:00,329.2299999999999,330.4199999999999,327.3399999999999,330.3099999999999,4019
2026-08-10T16:00:00+00:00,330.3099999999999,330.8499999999999,329.06999999999994,329.6199999999999,3204
2026-08-10T16:30:00+00:00,329.6199999999999,329.8299999999999,327.6099999999999,328.6699999999999,3028
2026-08-10T17:00:00+00:00,328.6699999999999,328.9599999999999,328.0499999999999,328.18999999999994,2144
2026-08-10T17:30:00+00:00,328.18999999999994,328.3699999999999,327.5599999999999,328.1699999999999,2209
2026-08-10T18:00:00+00:00,328.1699999999999,328.7899999999999,327.6799999999999,327.68999999999994,1960
2026-08-10T18:30:00+00:00,327.68999999999994,328.18999999999994,327.4899999999999,328.06999999999994,1916
2026-08-10T19:00:00+00:00,328.06999999999994,329.0399999999999,327.93999999999994,328.9599999999999,2155
2026-08-10T19:30:00+00:00,328.9599999999999,330.3399999999999,328.44999999999993,330.0199999999999,4038
2026-08-11T13:30:00+00:00,330.0199999999999,333.18999999999994,328.6699999999999,332.75999999999993,6722
2026-08-11T14:00:00+00:00,332.75999999999993,335.3299999999999,332.2699999999999,333.8499999999999,5953
2026-08-11T14:30:00+00:00,333.8499999999999,334.5799999999999,331.8699999999999,333.3499999999999,4375
2026-08-11T15:00:00+00:00,333.3499999999999,333.63999999999993,331.8999999999999,332.3699999999999,3834
2026-08-11T15:30:00+00:00,332.3699999999999,332.7699999999999,331.3599999999999,332.0999999999999,3166
2026-08-11T16:00:00+00:00,332.0999999999999,332.56999999999994,330.4099999999999,330.6499999999999,2904
2026-08-11T16:30:00+00:00,330.6499999999999,331.2199999999999,330.4099999999999,331.1199999999999,2240
2026-08-11T17:00:00+00:00,331.1199999999999,331.3099999999999,330.37999999999994,330.9699999999999,2389
2026-08-11T17:30:00+00:00,330.9699999999999,331.31999999999994,330.6599999999999,331.0799999999999,1878
2026-08-11T18:00:00+00:00,331.0799999999999,331.6599999999999,329.4899999999999,329.6699999999999,2333
2026-08-11T18:30:00+00:00,329.6699999999999,331.2799999999999,329.4899999999999,331.0899999999999,2361
2026-08-11T19:00:00+00:00,331.0899999999999,331.7199999999999,330.6799999999999,331.1099999999999,2212
2026-08-11T19:30:00+00:00,331.1099999999999,332.1799999999999,330.68999999999994,331.93999999999994,3656
2026-08-12T13:30:00+00:00,331.93999999999994,334.4799999999999,326.0599999999999,327.1699999999999,11367
2026-08-12T14:00:00+00:00,327.1699999999999,327.4699999999999,324.5999999999999,324.6699999999999,7882
2026-08-12T14:30:00+00:00,324.6699999999999,324.7799999999999,322.8499999999999,323.7199999999999,5313.760796221322
2026-08-12T15:00:00+00:00,323.7199999999999,324.7199999999999,323.13999999999993,323.50999999999993,3802
2026-08-12T15:30:00+00:00,323.50999999999993,325.2399999999999,322.7999999999999,325.12999999999994,3356
2026-08-12T16:00:00+00:00,325.12999999999994,326.2099999999999,324.9799999999999,326.00999999999993,3332
2026-08-12T16:30:00+00:00,326.00999999999993,326.2799999999999,325.6199999999999,326.0799999999999,2732
2026-08-12T17:00:00+00:00,326.0799999999999,326.3599999999999,325.1599999999999,325.4299999999999,2709
2026-08-12T17:30:00+00:00,325.4299999999999,325.6099999999999,324.7199999999999,325.43999999999994,2576
2026-08-12T18:00:00+00:00,325.43999999999994,325.94999999999993,324.8699999999999,325.63999999999993,2182
2026-08-12T18:30:00+00:00,325.63999999999993,326.5999999999999,325.4099999999999,326.2299999999999,2144
2026-08-12T19:00:00+00:00,326.2299999999999,327.0899999999999,325.8599999999999,326.81999999999994,2094
2026-08-12T19:30:00+00:00,326.81999999999994,327.0999999999999,325.9699999999999,326.75999999999993,3947
2026-08-13T13:30:00+00:00,326.75999999999993,332.5299999999999,324.3599999999999,331.9699999999999,12989
2026-08-13T14:00:00+00:00,331.9699999999999,332.8599999999999,331.0599999999999,332.00999999999993,8375
2026-08-13T14:30:00+00:00,332.00999999999993,334.4799999999999,331.6099999999999,333.7099999999999,4841
2026-08-13T15:00:00+00:00,333.7099999999999,334.5599999999999,331.50999999999993,331.9299999999999,4837
2026-08-13T15:30:00+00:00,331.9299999999999,333.18999999999994,331.9099999999999,332.2699999999999,4261
2026-08-13T16:00:00+00:00,332.2699999999999,333.81999999999994,332.2299999999999,333.6599999999999,3157
2026-08-13T16:30:00+00:00,333.6599999999999,336.1699999999999,333.6199999999999,335.6499999999999,3770
2026-08-13T17:00:00+00:00,335.6499999999999,336.12999999999994,334.3599999999999,335.4799999999999,3114
2026-08-13T17:30:00+00:00,335.4799999999999,336.1699999999999,334.8999999999999,335.3699999999999,3040
2026-08-13T18:00:00+00:00,335.3699999999999,337.74999999999994,335.0599999999999,337.4899999999999,3162
2026-08-13T18:30:00+00:00,337.4899999999999,339.4199999999999,337.1799999999999,338.6599999999999,3704
2026-08-13T19:00:00+00:00,338.6599999999999,340.75999999999993,337.5799999999999,337.8499999999999,4041
2026-08-13T19:30:00+00:00,337.8499999999999,339.44999999999993,337.56999999999994,339.3699999999999,4603
2026-08-14T13:30:00+00:00,339.3699999999999,349.49999999999994,339.3699999999999,349.0599999999999,13633
2026-08-14T14:00:00+00:00,349.0599999999999,350.37999999999994,344.75999999999993,345.2899999999999,11188
2026-08-14T14:30:00+00:00,345.2899999999999,345.49999999999994,340.13999999999993,340.25999999999993,6744.293249888244
2026-08-14T15:00:00+00:00,340.25999999999993,340.6499999999999,334.4899999999999,336.5199999999999,6939
2026-08-14T15:30:00+00:00,336.5199999999999,338.1699999999999,335.4599999999999,337.7999999999999,5363
2026-08-14T16:00:00+00:00,337.7999999999999,339.8299999999999,337.7799999999999,339.8299999999999,4509
2026-08-14T16:30:00+00:00,339.8299999999999,339.93999999999994,337.3999999999999,337.3999999999999,4051
2026-08-14T17:00:00+00:00,337.3999999999999,339.0999999999999,336.9699999999999,338.44999999999993,3661
2026-08-14T17:30:00+00:00,338.44999999999993,340.6699999999999,338.4199999999999,340.6199999999999,3335
2026-08-14T18:00:00+00:00,340.6199999999999,341.7399999999999,340.4599999999999,340.93999999999994,3277
2026-08-14T18:30:00+00:00,340.93999999999994,341.2199999999999,340.1599999999999,340.2299999999999,2788
2026-08-14T19:00:00+00:00,340.2299999999999,341.62999999999994,339.7099999999999,341.0199999999999,2615
2026-08-14T19:30:00+00:00,341.0199999999999,342.5299999999999,340.25999999999993,341.4899999999999,3039
2026-08-17T13:30:00+00:00,341.4899999999999,342.18999999999994,336.6199999999999,338.4099999999999,8132
2026-08-17T14:00:00+00:00,338.4099999999999,339.5399999999999,337.6599999999999,338.6599999999999,5333
2026-08-17T14:30:00+00:00,338.6599999999999,341.12999999999994,337.9099999999999,340.88999999999993,3758
2026-08-17T15:00:00+00:00,340.88999999999993,341.4899999999999,339.00999999999993,340.0299999999999,3407
2026-08-17T15:30:00+00:00,340.0299999999999,341.1199999999999,338.5599999999999,340.56999999999994,2974
2026-08-17T16:00:00+00:00,340.56999999999994,340.8399999999999,338.5999999999999,338.9899999999999,2633
2026-08-17T16:30:00+00:00,338.9899999999999,339.7799999999999,338.5599999999999,338.88999999999993,2270
2026-08-17T17:00:00+00:00,338.88999999999993,338.9899999999999,338.0799999999999,338.1599999999999,2596
2026-08-17T17:30:00+00:00,338.1599999999999,339.8699999999999,337.9899999999999,338.7199999999999,2772
2026-08-17T18:00:00+00:00,338.7199999999999,339.0199999999999,338.1699999999999,338.56999999999994,2184
2026-08-17T18:30:00+00:00,338.56999999999994,339.94999999999993,338.5399999999999,339.4599999999999,1935
2026-08-17T19:00:00+00:00,339.4599999999999,344.5399999999999,339.3099999999999,339.8099999999999,3016
2026-08-17T19:30:00+00:00,339.8099999999999,340.0799999999999,336.6599999999999,338.6199999999999,4415
2026-08-18T13:30:00+00:00,338.6199999999999,339.5899999999999,330.2899999999999,338.2799999999999,11963
2026-08-18T14:00:00+00:00,338.2799999999999,338.5599999999999,334.8699999999999,335.8999999999999,9555
2026-08-18T14:30:00+00:00,335.8999999999999,337.1799999999999,334.31999999999994,334.9299999999999,6359
2026-08-18T15:00:00+00:00,334.9299999999999,336.9699999999999,334.06999999999994,336.5599999999999,4852
2026-08-18T15:30:00+00:00,336.5599999999999,339.0199999999999,335.8999999999999,338.8999999999999,4243
2026-08-18T16:00:00+00:00,338.8999999999999,339.4099999999999,336.3099999999999,336.31999999999994,4736
2026-08-18T16:30:00+00:00,336.31999999999994,338.9099999999999,336.2299999999999,338.7099999999999,3871
2026-08-18T17:00:00+00:00,338.7099999999999,338.9299999999999,335.0599999999999,336.0899999999999,3768
2026-08-18T17:30:00+00:00,336.0899999999999,336.7699999999999,335.4899999999999,335.6199999999999,2935
2026-08-18T18:00:00+00:00,335.6199999999999,336.2199999999999,335.1699999999999,335.5799999999999,3212
2026-08-18T18:30:00+00:00,335.5799999999999,335.8099999999999,334.2899999999999,334.8999999999999,3128
2026-08-18T19:00:00+00:00,334.8999999999999,335.8699999999999,334.6599999999999,335.7999999999999,2644
2026-08-18T19:30:00+00:00,335.7999999999999,336.5499999999999,334.4599999999999,335.75999999999993,4074
2026-08-19T13:30:00+00:00,335.75999999999993,340.2799999999999,334.7699999999999,337.0399999999999,12666
2026-08-19T14:00:00+00:00,337.0399999999999,341.62999999999994,336.6599999999999,341.44999999999993,11531
2026-08-19T14:30:00+00:00,341.44999999999993,346.8299999999999,340.4199999999999,346.61999999999995,7715.759192971038
2026-08-19T15:00:00+00:00,346.61999999999995,347.75999999999993,345.34,346.63999999999993,5199
2026-08-19T15:30:00+00:00,346.63999999999993,347.37999999999994,345.03999999999996,346.15999999999997,4443
2026-08-19T16:00:00+00:00,346.15999999999997,348.41999999999996,345.98999999999995,347.4,3849
2026-08-19T16:30:00+00:00,347.4,347.4,345.67999999999995,346.49999999999994,3562
2026-08-19T17:00:00+00:00,346.49999999999994,346.73999999999995,345.43999999999994,346.11999999999995,3355
2026-08-19T17:30:00+00:00,346.11999999999995,347.24999999999994,345.28999999999996,346.94999999999993,2909
2026-08-19T18:00:00+00:00,346.94999999999993,348.06999999999994,346.53,347.47999999999996,4455
2026-08-19T18:30:00+00:00,347.47999999999996,348.11999999999995,347.15,347.46,3601
2026-08-19T19:00:00+00:00,347.46,348.71,347.34999999999997,347.52,2958
2026-08-19T19:30:00+00:00,347.52,350.84999999999997,346.65,350.15,5555
2026-08-20T13:30:00+00:00,350.15,350.15,341.47999999999996,344.35999999999996,6966
2026-08-20T14:00:00+00:00,344.35999999999996,344.56999999999994,338.96,339.50999999999993,5843
2026-08-20T14:30:00+00:00,339.50999999999993,339.87999999999994,338.19999999999993,339.27,5040
2026-08-20T15:00:00+00:00,339.27,343.11999999999995,339.21,343.08,5290
2026-08-20T15:30:00+00:00,343.08,345.21,342.53999999999996,344.98999999999995,4101
2026-08-20T16:00:00+00:00,344.98999999999995,345.48999999999995,343.80999999999995,343.98999999999995,3371
2026-08-20T16:30:00+00:00,343.98999999999995,344.59999999999997,342.79999999999995,343.78999999999996,2552
2026-08-20T17:00:00+00:00,343.78999999999996,344.08,341.53999999999996,341.59,2726
2026-08-20T17:30:00+00:00,341.59,342.02,340.97999999999996,341.80999999999995,2621
2026-08-20T18:00:00+00:00,341.80999999999995,342.71,340.73999999999995,342.59,2506
2026-08-20T18:30:00+00:00,342.59,343.08,342.21,342.46999999999997,2478
2026-08-20T19:00:00+00:00,342.46999999999997,342.93999999999994,341.74999999999994,342.56999999999994,2263
2026-08-20T19:30:00+00:00,342.56999999999994,344.68999999999994,342.18999999999994,344.44999999999993,3926
2026-08-21T13:30:00+00:00,344.44999999999993,354.02,344.44999999999993,353.48999999999995,11018
2026-08-21T14:00:00+00:00,353.48999999999995,360.74999999999994,351.96,358.91999999999996,13362
2026-08-21T14:30:00+00:00,358.91999999999996,360.59,354.52,360.22999999999996,7091
2026-08-21T15:00:00+00:00,360.22999999999996,363.28999999999996,357.56999999999994,358.16999999999996,6837
2026-08-21T15:30:00+00:00,358.16999999999996,363.65999999999997,357.78999999999996,361.72999999999996,5766
2026-08-21T16:00:00+00:00,361.72999999999996,363.13999999999993,360.02,362.55999999999995,4378
2026-08-21T16:30:00+00:00,362.55999999999995,364.11999999999995,362.19999999999993,363.55999999999995,4038
2026-08-21T17:00:00+00:00,363.55999999999995,364.21,362.15,362.78,4490
2026-08-21T17:30:00+00:00,362.78,363.72999999999996,361.74999999999994,361.85999999999996,3501
2026-08-21T18:00:00+00:00,361.85999999999996,363.90999999999997,361.74999999999994,363.52,3298
2026-08-21T18:30:00+00:00,363.52,364.59,362.97999999999996,363.65,3712
2026-08-21T19:00:00+00:00,363.65,365.19999999999993,362.13999999999993,363.27,3754
2026-08-21T19:30:00+00:00,363.27,365.69999999999993,360.77,362.31999999999994,4840
2026-08-24T13:30:00+00:00,362.31999999999994,362.31999999999994,350.78999999999996,353.13999999999993,8108
2026-08-24T14:00:00+00:00,353.13999999999993,354.17999999999995,351.84999999999997,353.59,5337
2026-08-24T14:30:00+00:00,353.59,357.9,353.37999999999994,357.38999999999993,5612
2026-08-24T15:00:00+00:00,357.38999999999993,357.84999999999997,356.12999999999994,356.65,3907
2026-08-24T15:30:00+00:00,356.65,357.42999999999995,354.60999999999996,355.23999999999995,4051
2026-08-24T16:00:00+00:00,355.23999999999995,356.50999999999993,354.75999999999993,356.15999999999997,3182
2026-08-24T16:30:00+00:00,356.15999999999997,356.31999999999994,353.53999999999996,354.33,2929
2026-08-24T17:00:00+00:00,354.33,356.15,353.96999999999997,355.75999999999993,3356
2026-08-24T17:30:00+00:00,355.75999999999993,356.00999999999993,352.75999999999993,353.08,3227
2026-08-24T18:00:00+00:00,353.08,353.88999999999993,351.96,352.34999999999997,3072
2026-08-24T18:30:00+00:00,352.34999999999997,352.74999999999994,347.84,347.93999999999994,3903
2026-08-24T19:00:00+00:00,347.93999999999994,350.47999999999996,347.50999999999993,350.42999999999995,3760
2026-08-24T19:30:00+00:00,350.42999999999995,350.84,347.61999999999995,348.47999999999996,4288
2026-08-25T13:30:00+00:00,348.47999999999996,352.28999999999996,348.43999999999994,350.37999999999994,6735
2026-08-25T14:00:00+00:00,350.37999999999994,352.65999999999997,349.30999999999995,350.36999999999995,6104
2026-08-25T14:30:00+00:00,350.36999999999995,352.10999999999996,349.24999999999994,350.21,4507
2026-08-25T15:00:00+00:00,350.21,353.71999999999997,349.04999999999995,353.59999999999997,4173
2026-08-25T15:30:00+00:00,353.59999999999997,354.09,350.43999999999994,352.69999999999993,4418
2026-08-25T16:00:00+00:00,352.69999999999993,353.67999999999995,352.53999999999996,353.62999999999994,2954
2026-08-25T16:30:00+00:00,353.62999999999994,356.06999999999994,353.55999999999995,355.34999999999997,2819
2026-08-25T17:00:00+00:00,355.34999999999997,355.55999999999995,351.10999999999996,352.67999999999995,4016
2026-08-25T17:30:00+00:00,352.67999999999995,353.02,352.09,352.48999999999995,2279
2026-08-25T18:00:00+00:00,352.48999999999995,352.78999999999996,350.75999999999993,351.05999999999995,2099
2026-08-25T18:30:00+00:00,351.05999999999995,352.9,350.85999999999996,352.27,2345
2026-08-25T19:00:00+00:00,352.27,352.79999999999995,350.60999999999996,350.60999999999996,2054
2026-08-25T19:30:00+00:00,350.60999999999996,351.47999999999996,349.12999999999994,349.65,3136
2026-08-26T13:30:00+00:00,349.65,351.05999999999995,341.73999999999995,348.09999999999997,7153
2026-08-26T14:00:00+00:00,348.09999999999997,348.79999999999995,344.74999999999994,345.43999999999994,4299
2026-08-26T14:30:00+00:00,345.43999999999994,346.35999999999996,342.47999999999996,342.68999999999994,4205
2026-08-26T15:00:00+00:00,342.68999999999994,344.46999999999997,342.28,343.01,3951
2026-08-26T15:30:00+00:00,343.01,344.03999999999996,342.42999999999995,343.48999999999995,3402
2026-08-26T16:00:00+00:00,343.48999999999995,343.78999999999996,342.62999999999994,343.19999999999993,2735
2026-08-26T16:30:00+00:00,343.19999999999993,344.36999999999995,343.11999999999995,344.17999999999995,2705
2026-08-26T17:00:00+00:00,344.17999999999995,345.96999999999997,343.85999999999996,345.8299999999999,2954
2026-08-26T17:30:00+00:00,345.8299999999999,346.04999999999995,345.2699999999999,345.72999999999996,2440
2026-08-26T18:00:00+00:00,345.72999999999996,345.78999999999996,343.55999999999995,343.84,2440
2026-08-26T18:30:00+00:00,343.84,345.50999999999993,343.81999999999994,345.13999999999993,2074
2026-08-26T19:00:00+00:00,345.13999999999993,346.53999999999996,344.06999999999994,344.68999999999994,2610
2026-08-26T19:30:00+00:00,344.68999999999994,345.96999999999997,344.34,345.0799999999999,2723
2026-08-27T13:30:00+00:00,345.0799999999999,351.48999999999995,344.11999999999995,349.15999999999997,9384
2026-08-27T14:00:00+00:00,349.15999999999997,352.46,348.2699999999999,351.54999999999995,6912
2026-08-27T14:30:00+00:00,351.54999999999995,354.00999999999993,349.61999999999995,352.78,5710
2026-08-27T15:00:00+00:00,352.78,352.85999999999996,351.27,351.52,4204
2026-08-27T15:30:00+00:00,351.52,352.34,349.91999999999996,351.71,3869
2026-08-27T16:00:00+00:00,351.71,352.11,351.04999999999995,351.96,2548
2026-08-27T16:30:00+00:00,351.96,353.73999999999995,351.61999999999995,352.89,2676
2026-08-27T17:00:00+00:00,352.89,354.65999999999997,352.67999999999995,353.17999999999995,3576
2026-08-27T17:30:00+00:00,353.17999999999995,353.71,352.65,353.16999999999996,2428
2026-08-27T18:00:00+00:00,353.16999999999996,353.24999999999994,352.21,353.14,2853
2026-08-27T18:30:00+00:00,353.14,354.74999999999994,352.99999999999994,354.05999999999995,3333
2026-08-27T19:00:00+00:00,354.05999999999995,354.36999999999995,352.74999999999994,353.16999999999996,2540
2026-08-27T19:30:00+00:00,353.16999999999996,354.53,352.85999999999996,353.52,3962
2026-08-28T13:30:00+00:00,353.52,357.72999999999996,353.52,353.66999999999996,6220
2026-08-28T14:00:00+00:00,353.66999999999996,354.60999999999996,350.18999999999994,351.48999999999995,6474
2026-08-28T14:30:00+00:00,351.48999999999995,353.40999999999997,351.04999999999995,353.21999999999997,5218
2026-08-28T15:00:00+00:00,353.21999999999997,353.69999999999993,351.22999999999996,351.24999999999994,4283
2026-08-28T15:30:00+00:00,351.24999999999994,351.78,347.06999999999994,347.47999999999996,5233
2026-08-28T16:00:00+00:00,347.47999999999996,348.03,346.09999999999997,346.37999999999994,4925
2026-08-28T16:30:00+00:00,346.37999999999994,347.28,345.98999999999995,346.02,3663
2026-08-28T17:00:00+00:00,346.02,346.02,345.00999999999993,345.25999999999993,3598
2026-08-28T17:30:00+00:00,345.25999999999993,346.15999999999997,345.24999999999994,346.09999999999997,2866
2026-08-28T18:00:00+00:00,346.09999999999997,346.16999999999996,345.06999999999994,345.53999999999996,2822
2026-08-28T18:30:00+00:00,345.53999999999996,345.77,344.15999999999997,344.54999999999995,2941
2026-08-28T19:00:00+00:00,344.54999999999995,346.77,344.50999999999993,346.72999999999996,2761
2026-08-28T19:30:00+00:00,346.72999999999996,348.75999999999993,345.43999999999994,347.60999999999996,3975
2026-08-31T13:30:00+00:00,347.60999999999996,360.09999999999997,345.91999999999996,359.03999999999996,10000
2026-08-31T14:00:00+00:00,359.03999999999996,363.83,358.96,362.56999999999994,7815
2026-08-31T14:30:00+00:00,362.56999999999994,364.74999999999994,360.90999999999997,362.75999999999993,6913
2026-08-31T15:00:00+00:00,362.75999999999993,364.68999999999994,362.19999999999993,363.15,5651
2026-08-31T15:30:00+00:00,363.15,366.16999999999996,361.99999999999994,364.43999999999994,5575
2026-08-31T16:00:00+00:00,364.43999999999994,365.77,362.36999999999995,364.14,4775
2026-08-31T16:30:00+00:00,364.14,365.44999999999993,363.17999999999995,365.10999999999996,3764
2026-08-31T17:00:00+00:00,365.10999999999996,366.41999999999996,363.96999999999997,364.21,3871
2026-08-31T17:30:00+00:00,364.21,367.54999999999995,364.19999999999993,367.29999999999995,4046
2026-08-31T18:00:00+00:00,367.29999999999995,367.42999999999995,365.9,366.46,3445
2026-08-31T18:30:00+00:00,366.46,366.46,364.40999999999997,364.83,3538
2026-08-31T19:00:00+00:00,364.83,366.06999999999994,364.28,365.66999999999996,3039
2026-08-31T19:30:00+00:00,365.66999999999996,367.96,364.98999999999995,366.86999999999995,4697
2026-09-01T13:30:00+00:00,366.86999999999995,366.86999999999995,352.44999999999993,357.54999999999995,8825
2026-09-01T14:00:00+00:00,357.54999999999995,358.73999999999995,356.84999999999997,357.41999999999996,4731
2026-09-01T14:30:00+00:00,357.41999999999996,358.72999999999996,356.17999999999995,356.52,3991
2026-09-01T15:00:00+00:00,356.52,358.59,356.39,358.48999999999995,3637
2026-09-01T15:30:00+00:00,358.48999999999995,359.37999999999994,357.09999999999997,357.77,3014
2026-09-01T16:00:00+00:00,357.77,358.06999999999994,355.49999999999994,355.74999999999994,2844
2026-09-01T16:30:00+00:00,355.74999999999994,356.96999999999997,355.36999999999995,355.81999999999994,2773
2026-09-01T17:00:00+00:00,355.81999999999994,356.29999999999995,355.17999999999995,355.98999999999995,2626
2026-09-01T17:30:00+00:00,355.98999999999995,356.58,355.19999999999993,355.46999999999997,2414
2026-09-01T18:00:00+00:00,355.46999999999997,355.71999999999997,353.58,353.79999999999995,2739
2026-09-01T18:30:00+00:00,353.79999999999995,353.90999999999997,352.00999999999993,353.37999999999994,3138
2026-09-01T19:00:00+00:00,353.37999999999994,355.78999999999996,352.94999999999993,355.59,2378
2026-09-01T19:30:00+00:00,355.59,355.66999999999996,354.36999999999995,355.25999999999993,3359
